genome_id	csgA	eltIIAB-a	fdeC	fimH	gad	hlyE	iss	lpfA	nlpI	ompT	shiB	stx2i-O9-CB10366	terC	tia	traT	yehA	yehB	yehC	yehD	yghJ	stx2	anr	hha	traJ	astA	capU	hra	mchB	mchC	mchF	mcmA	AslA	cba	cia	cma	colE2-like	papA_F12	papC	shiA	sitA	stx2e-O8-1509W52833	stx2l-O65-1610T27873	aamR	afaA	afaB
2021-MIN-0009	1	1	1	1	1	1	1	1	1	1	1	1	1	1	1	1	1	1	1	1	1	0	0	0	0	0	0	0	0	0	0	0	0	0	0	0	0	0	0	0	0	0	0	0	0
2021-MIN-0249	1	1	1	1	1	1	1	1	1	1	0	1	1	1	1	1	1	1	1	1	1	1	1	1	0	0	0	0	0	0	0	0	0	0	0	0	0	0	0	0	0	0	0	0	0
2021-MIN-0250	1	0	1	0	1	1	0	0	1	1	1	1	1	1	1	1	1	1	1	1	1	0	0	0	1	1	1	1	1	1	1	0	0	0	0	0	0	0	0	0	0	0	0	0	0
2021-MIN-0251	1	1	1	1	1	1	1	1	1	1	0	1	1	1	1	1	1	1	1	1	1	0	1	1	0	0	0	0	0	0	0	0	0	0	0	0	0	0	0	0	0	0	0	0	0
2021-MIN-0252	1	1	1	1	1	1	1	1	1	1	0	1	1	1	1	1	1	1	1	1	1	0	1	1	0	0	0	0	0	0	0	0	0	0	0	0	0	0	0	0	0	0	0	0	0
2022-MIN-0036	1	1	1	1	1	1	1	1	1	1	0	1	1	1	1	1	1	1	1	1	1	0	1	1	0	0	0	0	0	0	0	0	0	0	0	0	0	0	0	0	0	0	0	0	0
2022-MIN-0037	1	1	1	0	1	1	0	0	1	1	0	1	1	1	1	1	1	1	1	1	1	0	0	0	1	1	0	1	1	1	1	0	0	0	0	0	0	0	0	0	0	0	0	0	0
GCA_012153565.1	1	1	1	1	0	1	1	0	1	0	0	1	1	1	1	1	1	1	1	0	1	0	0	1	0	0	0	1	1	1	1	1	1	1	1	0	0	0	0	0	0	0	0	0	0
GCA_012153625.1	1	1	1	1	1	1	1	0	1	0	0	1	1	1	1	1	1	1	1	0	1	0	0	1	0	0	0	1	1	1	1	1	1	1	1	0	0	0	0	0	0	0	0	0	0
GCA_012193385.1	1	0	1	1	0	1	1	1	1	1	1	1	1	1	1	1	1	1	1	1	1	1	0	0	0	0	0	0	0	0	0	0	1	0	1	0	0	0	0	0	0	0	0	0	0
GCA_012560085.1	1	1	1	1	0	1	1	1	1	1	0	1	1	0	1	1	1	1	1	1	1	0	0	1	0	0	0	0	0	0	0	0	0	0	0	0	0	0	0	0	0	0	0	0	0
GCA_016773735.1	1	1	1	0	1	1	0	0	1	1	0	1	1	1	1	1	1	1	1	1	1	1	0	1	0	1	0	0	0	0	0	0	0	0	0	1	1	1	1	0	0	0	0	0	0
GCA_017076875.1	1	1	1	1	0	1	1	1	1	1	0	1	1	0	1	1	1	1	1	1	1	1	1	1	0	0	0	0	0	0	0	0	0	0	0	0	0	0	0	0	0	0	0	0	0
GCA_017125235.1	1	1	1	1	1	1	1	0	1	0	0	1	1	1	1	1	1	1	1	0	1	0	0	1	0	0	0	1	1	1	1	1	1	1	1	0	0	0	0	0	0	0	0	0	0
GCA_017125255.1	1	1	1	1	0	1	1	0	1	0	0	1	1	1	1	1	1	1	1	0	1	0	0	1	0	0	0	1	1	1	1	1	1	1	1	0	0	0	0	0	0	0	0	0	0
GCA_018927075.1	1	1	1	1	0	1	1	0	1	0	0	1	1	1	1	1	1	1	1	0	1	0	0	1	0	0	0	1	1	1	1	1	1	1	1	0	0	0	0	0	0	0	0	0	0
GCA_019436045.1	1	1	1	1	1	1	1	0	1	0	0	1	1	1	1	1	1	1	1	0	1	0	0	1	0	0	0	1	1	1	1	1	1	1	1	0	0	0	0	0	0	0	0	0	0
GCA_020370835.1	1	1	1	1	1	1	1	0	1	0	0	1	1	1	1	1	1	1	1	0	1	0	0	1	0	0	0	1	1	1	1	1	1	1	1	0	0	0	0	0	0	0	0	0	0
GCA_021078905.1	1	1	1	1	0	1	1	0	1	0	0	1	1	1	1	1	1	1	1	0	1	0	0	1	0	0	0	1	1	1	1	1	1	1	1	0	0	0	0	0	0	0	0	0	0
GCA_021079095.1	1	1	1	1	1	1	1	0	1	0	0	1	1	1	1	1	1	1	1	0	1	0	0	1	0	0	0	1	1	1	1	1	1	1	1	0	0	0	0	0	0	0	0	0	0
GCA_021079545.1	1	1	1	1	1	1	1	0	1	0	0	1	1	0	1	1	1	1	1	0	1	0	0	1	0	0	0	0	0	0	0	1	1	1	1	0	0	0	0	0	0	0	0	0	0
GCA_021079625.1	1	1	1	1	1	1	1	1	1	0	0	1	1	1	1	1	1	1	1	0	1	0	0	1	0	0	0	1	1	1	1	1	1	1	1	0	0	0	0	0	0	0	0	0	0
GCA_021080295.1	1	1	1	1	1	1	1	0	1	0	0	1	1	1	1	1	1	1	1	0	1	0	0	1	0	0	0	1	1	1	1	1	1	1	1	0	0	0	0	0	0	0	0	0	0
GCA_021081115.1	1	1	1	1	1	1	1	0	1	0	0	1	1	1	1	1	1	1	1	0	1	0	0	1	0	0	0	1	1	1	1	1	1	1	1	0	0	0	0	0	0	0	0	0	0
GCA_021082345.1	1	1	1	1	1	1	1	0	1	0	0	1	1	1	1	1	1	1	1	0	1	0	0	1	0	0	0	1	1	1	1	1	1	1	1	0	0	0	0	0	0	0	0	0	0
GCA_021082805.1	1	1	1	1	1	1	1	0	1	0	0	1	1	1	1	1	1	1	1	0	1	0	0	1	0	0	0	1	1	1	1	1	1	1	1	0	0	0	0	0	0	0	0	0	0
GCA_021492705.1	1	1	1	1	1	1	1	1	1	1	1	1	1	1	0	1	1	1	1	1	1	0	1	0	0	0	0	0	0	0	0	0	0	0	0	0	0	0	0	0	0	0	0	0	0
GCA_023211155.1	1	1	1	1	1	1	1	1	1	1	0	1	1	0	0	1	1	1	1	1	1	0	1	0	0	0	0	0	0	0	0	0	0	1	0	0	0	0	0	0	0	0	0	0	0
GCA_023768585.1	1	1	1	1	0	1	1	1	1	1	1	1	1	1	0	1	1	1	1	0	1	0	1	0	0	0	0	0	0	0	0	0	0	1	0	0	0	0	0	0	0	0	0	0	0
GCA_025327895.1	1	1	1	1	1	1	1	0	1	0	0	1	1	1	1	1	1	1	1	0	1	0	0	1	0	0	0	1	1	1	1	1	1	1	1	0	0	0	0	0	0	0	0	0	0
GCA_025988885.1	1	0	1	1	1	1	1	1	1	1	0	1	1	0	1	1	1	1	1	1	1	0	0	1	0	0	0	0	0	0	0	0	0	0	0	0	0	0	0	0	0	0	0	0	0
GCA_028221245.1	1	1	1	0	1	1	0	0	1	0	0	1	1	0	1	1	1	1	1	1	1	0	0	0	0	1	0	0	0	0	0	0	0	0	0	0	0	0	0	0	0	0	0	0	0
GCA_028240895.1	1	1	1	0	0	1	0	0	1	0	1	1	1	1	1	1	1	1	1	1	1	0	0	0	0	1	0	0	0	0	0	0	0	0	0	0	0	0	0	0	0	0	0	0	0
GCA_029481885.1	1	0	1	1	1	1	1	1	1	1	0	1	1	0	1	1	1	0	1	1	1	0	0	1	0	0	0	0	0	0	0	0	0	0	0	0	0	0	0	1	0	0	0	0	0
GCA_036292925.1	1	1	1	1	0	1	1	1	1	1	1	1	1	0	1	1	1	1	1	1	1	1	0	1	0	0	1	0	0	0	0	0	0	0	0	0	0	0	0	0	0	0	0	0	0
GCA_036299585.1	1	1	1	1	1	1	1	1	1	1	1	1	1	0	1	1	1	1	1	1	1	1	0	1	0	0	1	0	0	0	0	0	0	0	0	0	0	0	0	0	0	0	0	0	0
GCA_037035515.1	1	1	1	1	0	1	1	1	1	1	0	1	1	0	1	1	1	1	1	1	1	0	1	0	0	0	0	0	0	0	0	0	0	1	0	0	0	0	0	0	0	0	0	0	0
GCA_038017815.1	1	1	1	1	0	1	1	0	1	0	0	1	1	1	1	1	1	1	1	0	1	0	0	1	0	0	0	1	1	1	1	1	1	1	1	0	0	0	0	0	0	0	0	0	0
GCA_038086625.1	1	1	1	1	0	1	1	0	1	0	0	1	1	1	1	1	1	1	1	0	1	0	0	1	0	0	0	1	1	1	1	1	1	1	1	0	0	0	0	0	0	0	0	0	0
GCA_038420345.1	1	1	1	1	0	1	1	1	1	1	0	1	1	1	1	1	1	1	1	1	1	0	1	1	0	0	0	0	0	0	0	0	0	0	0	0	0	0	0	0	0	0	0	0	0
GCA_039685295.1	1	1	1	1	0	1	1	1	1	1	0	1	1	1	1	1	1	1	1	1	1	0	1	1	0	0	0	0	0	0	0	0	0	0	0	0	0	0	0	0	0	0	0	0	0
GCA_039686495.1	1	1	1	1	0	1	1	0	1	0	0	1	1	1	1	1	1	1	1	0	1	0	0	1	0	0	0	1	1	1	1	1	1	1	1	0	0	0	0	0	0	0	0	0	0
GCA_039694335.1	1	1	1	1	0	1	1	0	1	0	0	1	1	1	1	1	1	1	1	0	1	0	0	1	0	0	0	1	1	1	1	1	1	1	1	0	0	0	0	0	0	0	0	0	0
GCA_039735685.1	1	1	1	1	0	1	1	0	1	0	0	1	1	1	1	1	1	1	1	0	1	0	0	1	0	0	0	1	1	1	1	1	1	1	1	0	0	0	0	0	0	0	0	0	0
GCA_039775235.1	1	1	1	1	0	1	1	0	1	0	0	1	1	1	1	1	1	1	1	0	1	0	0	1	0	0	0	1	1	1	1	1	1	1	1	0	0	0	0	0	0	0	0	0	0
GCA_039778795.1	1	1	1	1	1	1	1	0	1	0	0	1	1	1	1	1	1	1	1	0	1	0	0	1	0	0	0	1	1	1	1	1	1	1	1	0	0	0	0	0	0	0	0	0	0
GCA_039787335.1	1	1	1	1	0	1	1	0	1	0	0	1	1	1	1	1	1	1	1	0	1	0	0	1	0	0	0	1	1	1	1	1	1	1	1	0	0	0	0	0	0	0	0	0	0
GCA_039865785.1	1	1	1	1	0	1	1	0	1	0	0	1	1	1	1	1	1	1	1	0	1	0	0	1	0	0	0	1	1	1	1	1	1	1	1	0	0	0	0	0	0	0	0	0	0
GCA_039879905.1	1	1	1	1	0	1	1	0	1	0	0	1	1	1	1	1	1	1	1	0	1	0	0	1	0	0	0	1	1	1	1	1	1	1	1	0	0	0	0	0	0	0	0	0	0
GCA_039947755.1	1	1	1	1	0	1	1	0	1	0	0	1	1	1	1	1	1	1	1	0	1	0	0	1	0	0	0	1	1	1	1	1	1	1	1	0	0	0	0	0	0	0	0	0	0
GCA_039951795.1	1	1	1	0	1	1	0	0	1	0	0	1	1	0	1	1	1	1	1	1	1	0	0	0	0	1	0	0	0	0	0	0	0	0	0	0	0	0	0	0	0	0	0	0	0
GCA_039997695.1	1	1	1	1	1	1	1	1	1	1	0	1	1	1	1	1	1	1	1	1	1	0	1	0	0	0	0	0	0	0	0	0	0	0	0	0	0	0	0	0	0	0	0	0	0
GCA_040279925.1	1	1	1	1	0	1	1	0	1	0	0	0	1	1	1	1	1	1	1	0	1	0	0	1	0	0	0	1	1	1	1	1	1	1	1	0	0	0	0	0	1	0	0	0	0
GCA_040935505.2	1	1	1	1	0	1	0	1	1	1	0	1	1	0	1	1	1	1	1	1	1	0	0	1	0	1	0	0	0	0	0	0	0	0	0	0	0	0	0	0	0	1	0	0	0
GCA_041047495.1	1	1	1	1	0	1	1	0	1	0	0	1	1	1	1	1	1	1	1	0	1	0	0	1	0	0	0	1	1	1	1	1	1	1	1	0	0	0	0	0	0	0	0	0	0
GCA_041545175.1	1	1	1	1	0	1	1	0	1	0	0	1	1	1	1	1	1	1	1	0	1	0	0	1	0	0	0	1	1	1	1	1	1	1	1	0	0	0	0	0	0	0	0	0	0
GCA_042177385.1	1	1	1	1	1	1	1	0	1	0	0	1	1	1	1	1	1	1	1	0	1	0	0	1	0	0	0	1	1	1	1	1	1	1	1	0	0	0	0	0	0	0	0	0	0
GCA_042441235.1	1	1	1	1	0	1	1	0	1	0	0	1	1	1	1	1	1	1	1	0	1	0	1	1	0	0	0	1	1	1	1	1	1	1	1	0	0	0	0	0	0	0	0	0	0
GCA_042710215.1	1	1	1	1	0	1	1	1	1	1	0	1	1	0	1	1	1	1	1	1	1	0	1	0	0	0	0	0	0	0	0	0	0	0	0	0	0	0	0	0	0	0	0	0	0
GCA_042935545.1	1	1	1	1	1	1	1	1	1	1	0	1	1	0	0	1	1	1	1	1	1	0	1	0	0	0	0	0	0	0	0	0	0	1	0	0	0	0	0	0	0	0	0	0	0
GCA_043574615.1	1	1	1	1	0	1	1	1	1	1	0	1	1	1	1	1	1	1	1	1	1	0	1	1	0	0	0	0	0	0	0	0	0	0	0	0	0	0	0	0	0	0	0	0	0
GCA_044682155.1	1	1	1	0	1	1	0	0	1	0	0	1	1	0	1	1	1	1	1	1	1	0	0	0	0	1	0	0	0	0	0	0	0	0	0	0	0	0	0	0	0	0	0	0	0
GCA_044986905.1	1	1	1	0	1	1	0	0	1	1	0	1	1	0	1	1	1	1	1	1	1	0	0	0	0	1	0	0	0	0	0	0	0	0	0	0	0	0	0	0	0	0	0	0	0
GCA_045501555.1	1	1	1	1	1	1	1	1	1	1	0	1	1	0	0	1	1	1	1	1	1	0	1	0	0	0	0	0	0	0	0	0	0	1	0	0	0	0	0	0	0	0	0	0	0
GCA_051797185.1	1	0	1	1	0	1	1	1	1	1	1	1	1	1	1	1	1	1	1	1	1	1	1	0	0	0	1	1	1	1	1	0	1	0	1	0	0	0	0	0	0	0	1	1	1
GCA_052635535.1	1	1	1	1	0	1	1	0	1	0	0	1	1	1	1	1	1	1	1	0	1	0	1	1	0	0	0	1	1	1	1	1	1	1	1	0	0	0	0	0	0	0	0	0	0
