Source	gene	n_genomes	genomes_positive	prevalence_percent
Dairy	AslA	13	13	100
Dairy	C719-09_SefB:unpublished	13	0	0
Dairy	C719-09_SefC:unpublished	13	0	0
Dairy	F17A	13	0	0
Dairy	F17C	13	0	0
Dairy	F17D	13	0	0
Dairy	F17G	13	0	0
Dairy	ORF3	13	0	0
Dairy	ORF4	13	0	0
Dairy	aaiC	13	0	0
Dairy	aalF	13	0	0
Dairy	aamR	13	0	0
Dairy	afaA	13	0	0
Dairy	afaB	13	0	0
Dairy	afaC	13	0	0
Dairy	afaD	13	0	0
Dairy	air	13	0	0
Dairy	anr	13	10	76.92307692307692
Dairy	astA	13	13	100
Dairy	capU	13	0	0
Dairy	cba	13	0	0
Dairy	cdt-Ea	13	3	23.076923076923077
Dairy	cdt-IIIB	13	3	23.076923076923077
Dairy	cdt-Sb	13	3	23.076923076923077
Dairy	cdt-VB	13	0	0
Dairy	cea	13	0	0
Dairy	chuA	13	13	100
Dairy	cia	13	0	0
Dairy	cib	13	0	0
Dairy	cif	13	0	0
Dairy	clbB	13	0	0
Dairy	cma	13	0	0
Dairy	cnf2	13	0	0
Dairy	colE2	13	0	0
Dairy	colE2-like	13	0	0
Dairy	colE4	13	0	0
Dairy	colE5	13	0	0
Dairy	colE7	13	0	0
Dairy	colE8	13	0	0
Dairy	colE9	13	0	0
Dairy	csgA	13	13	100
Dairy	cvaC	13	0	0
Dairy	dhaK	13	0	0
Dairy	eae-a03-zeta	13	0	0
Dairy	eae-b01a-beta_1a	13	0	0
Dairy	eae-e01-epsilon_1	13	0	0
Dairy	eae-g01-gamma_1	13	10	76.92307692307692
Dairy	eae-g02-theta	13	0	0
Dairy	efa1	13	0	0
Dairy	ehxA	13	10	76.92307692307692
Dairy	eilA	13	3	23.076923076923077
Dairy	eltIIAB-a	13	0	0
Dairy	epeA	13	0	0
Dairy	espA	13	10	76.92307692307692
Dairy	espB	13	10	76.92307692307692
Dairy	espF	13	7	53.84615384615385
Dairy	espI	13	0	0
Dairy	espJ	13	10	76.92307692307692
Dairy	espP	13	10	76.92307692307692
Dairy	espY2	13	10	76.92307692307692
Dairy	estap-STa4	13	0	0
Dairy	estb-STb2:NEMH01000033	13	3	23.076923076923077
Dairy	etpD	13	10	76.92307692307692
Dairy	etsC	13	0	0
Dairy	faeC	13	0	0
Dairy	faeD	13	0	0
Dairy	faeE	13	0	0
Dairy	faeF	13	0	0
Dairy	faeH	13	0	0
Dairy	faeI	13	0	0
Dairy	faeJ	13	0	0
Dairy	fdeC	13	13	100
Dairy	fedE	13	0	0
Dairy	fimH	13	13	100
Dairy	focCsfaE	13	0	0
Dairy	fyuA	13	0	0
Dairy	gad	13	13	100
Dairy	hha	13	3	23.076923076923077
Dairy	hlyA	13	0	0
Dairy	hlyE	13	13	100
Dairy	hlyF	13	0	0
Dairy	hra	13	0	0
Dairy	ibeA	13	0	0
Dairy	iha	13	10	76.92307692307692
Dairy	ireA	13	0	0
Dairy	iroN	13	0	0
Dairy	irp2	13	0	0
Dairy	iss	13	13	100
Dairy	iucC	13	0	0
Dairy	iutA	13	0	0
Dairy	katP	13	10	76.92307692307692
Dairy	kpsE	13	3	23.076923076923077
Dairy	kpsMII	13	0	0
Dairy	kpsMII_K1	13	0	0
Dairy	kpsMII_K5	13	3	23.076923076923077
Dairy	lpfA	13	3	23.076923076923077
Dairy	lys	13	0	0
Dairy	mcbA	13	0	0
Dairy	mchB	13	0	0
Dairy	mchC	13	0	0
Dairy	mchF	13	0	0
Dairy	mcmA	13	0	0
Dairy	neuC	13	3	23.076923076923077
Dairy	nleA	13	10	76.92307692307692
Dairy	nleB	13	10	76.92307692307692
Dairy	nleC	13	10	76.92307692307692
Dairy	nlpI	13	13	100
Dairy	ompT	13	10	76.92307692307692
Dairy	papA_F12	13	0	0
Dairy	papA_F19	13	0	0
Dairy	papA_F20	13	0	0
Dairy	papC	13	0	0
Dairy	pic	13	0	0
Dairy	senB	13	0	0
Dairy	sfaD	13	0	0
Dairy	sfaS	13	0	0
Dairy	shiA	13	0	0
Dairy	shiB	13	3	23.076923076923077
Dairy	sitA	13	3	23.076923076923077
Dairy	stx1	13	8	61.53846153846154
Dairy	stx1-S.-sonnei-CB7888	13	0	0
Dairy	stx1a-O157-EDL933	13	0	0
Dairy	stx1a-O157-FLY16	13	0	0
Dairy	stx1a-O157-GPU96MM	13	8	61.53846153846154
Dairy	stx1c-O174-DG131-3	13	0	0
Dairy	stx1c-ONT-BCN26	13	0	0
Dairy	stx1c-ONT-HI-C	13	0	0
Dairy	stx1c-Out-HI-N	13	0	0
Dairy	stx1d-ONT-92-1252	13	0	0
Dairy	stx2	13	13	100
Dairy	stx2a-O104-G5506	13	0	0
Dairy	stx2a-O111-928-91	13	0	0
Dairy	stx2a-O157-93-111	13	0	0
Dairy	stx2a-O157-EDL933	13	10	76.92307692307692
Dairy	stx2a-O157-SF-258-98	13	0	0
Dairy	stx2a-O178-TS22-08	13	0	0
Dairy	stx2a-O48-94C	13	0	0
Dairy	stx2a-O8-BMH-17-0027	13	0	0
Dairy	stx2a-O83-N1135	13	0	0
Dairy	stx2a-O88-N2688	13	0	0
Dairy	stx2a-ONT-EK9900	13	0	0
Dairy	stx2b-O118-EH250	13	0	0
Dairy	stx2b-O128-24196-97	13	0	0
Dairy	stx2b-O146-BMH-17-0036	13	0	0
Dairy	stx2b-O174-031	13	0	0
Dairy	stx2b-O40-5293-98	13	0	0
Dairy	stx2b-O96-S-6	13	0	0
Dairy	stx2c-O157-310	13	0	0
Dairy	stx2c-O157-469	13	0	0
Dairy	stx2c-O157-A75	13	0	0
Dairy	stx2c-O157-FLY16	13	0	0
Dairy	stx2c-O157-Y350-	13	0	0
Dairy	stx2c-O177-06-5121	13	0	0
Dairy	stx2c-OR-TS27-08	13	0	0
Dairy	stx2d-O2-EC604a	13	0	0
Dairy	stx2d-O28-MT71	13	0	0
Dairy	stx2d-O73-C165-02	13	3	23.076923076923077
Dairy	stx2d-OR-TS06-08	13	0	0
Dairy	stx2d1-O91-B2F1	13	0	0
Dairy	stx2e-O139-S1191	13	0	0
Dairy	stx2e-ONT-26725-97	13	0	0
Dairy	stx2g-O2-7v	13	0	0
Dairy	stx2h-O102-STEC299	13	0	0
Dairy	stx2i-O9-CB10366	13	0	0
Dairy	stx2j-O33-PNUSAE005447	13	0	0
Dairy	stx2k-O48-STEC309	13	0	0
Dairy	subA	13	0	0
Dairy	tccP	13	0	0
Dairy	terC	13	13	100
Dairy	tia	13	0	0
Dairy	tibC	13	0	0
Dairy	tir	13	10	76.92307692307692
Dairy	toxB	13	10	76.92307692307692
Dairy	traJ	13	3	23.076923076923077
Dairy	traT	13	13	100
Dairy	tsh	13	0	0
Dairy	usp	13	0	0
Dairy	vat	13	0	0
Dairy	yehA	13	3	23.076923076923077
Dairy	yehB	13	3	23.076923076923077
Dairy	yehC	13	3	23.076923076923077
Dairy	yehD	13	3	23.076923076923077
Dairy	yfcV	13	0	0
Dairy	yghJ	13	3	23.076923076923077
Environment	AslA	9	9	100
Environment	C719-09_SefB:unpublished	9	0	0
Environment	C719-09_SefC:unpublished	9	0	0
Environment	F17A	9	0	0
Environment	F17C	9	0	0
Environment	F17D	9	0	0
Environment	F17G	9	0	0
Environment	ORF3	9	0	0
Environment	ORF4	9	0	0
Environment	aaiC	9	0	0
Environment	aalF	9	0	0
Environment	aamR	9	0	0
Environment	afaA	9	0	0
Environment	afaB	9	0	0
Environment	afaC	9	0	0
Environment	afaD	9	0	0
Environment	air	9	0	0
Environment	anr	9	9	100
Environment	astA	9	9	100
Environment	capU	9	0	0
Environment	cba	9	3	33.333333333333336
Environment	cdt-Ea	9	0	0
Environment	cdt-IIIB	9	0	0
Environment	cdt-Sb	9	0	0
Environment	cdt-VB	9	0	0
Environment	cea	9	0	0
Environment	chuA	9	9	100
Environment	cia	9	0	0
Environment	cib	9	0	0
Environment	cif	9	0	0
Environment	clbB	9	0	0
Environment	cma	9	3	33.333333333333336
Environment	cnf2	9	0	0
Environment	colE2	9	0	0
Environment	colE2-like	9	0	0
Environment	colE4	9	0	0
Environment	colE5	9	0	0
Environment	colE7	9	0	0
Environment	colE8	9	0	0
Environment	colE9	9	0	0
Environment	csgA	9	9	100
Environment	cvaC	9	0	0
Environment	dhaK	9	0	0
Environment	eae-a03-zeta	9	0	0
Environment	eae-b01a-beta_1a	9	0	0
Environment	eae-e01-epsilon_1	9	0	0
Environment	eae-g01-gamma_1	9	9	100
Environment	eae-g02-theta	9	0	0
Environment	efa1	9	0	0
Environment	ehxA	9	9	100
Environment	eilA	9	0	0
Environment	eltIIAB-a	9	0	0
Environment	epeA	9	0	0
Environment	espA	9	9	100
Environment	espB	9	9	100
Environment	espF	9	5	55.55555555555556
Environment	espI	9	0	0
Environment	espJ	9	9	100
Environment	espP	9	6	66.66666666666667
Environment	espY2	9	9	100
Environment	estap-STa4	9	0	0
Environment	estb-STb2:NEMH01000033	9	0	0
Environment	etpD	9	9	100
Environment	etsC	9	0	0
Environment	faeC	9	0	0
Environment	faeD	9	0	0
Environment	faeE	9	0	0
Environment	faeF	9	0	0
Environment	faeH	9	0	0
Environment	faeI	9	0	0
Environment	faeJ	9	0	0
Environment	fdeC	9	9	100
Environment	fedE	9	0	0
Environment	fimH	9	9	100
Environment	focCsfaE	9	0	0
Environment	fyuA	9	0	0
Environment	gad	9	9	100
Environment	hha	9	0	0
Environment	hlyA	9	0	0
Environment	hlyE	9	9	100
Environment	hlyF	9	0	0
Environment	hra	9	0	0
Environment	ibeA	9	0	0
Environment	iha	9	9	100
Environment	ireA	9	0	0
Environment	iroN	9	0	0
Environment	irp2	9	0	0
Environment	iss	9	5	55.55555555555556
Environment	iucC	9	0	0
Environment	iutA	9	0	0
Environment	katP	9	6	66.66666666666667
Environment	kpsE	9	0	0
Environment	kpsMII	9	0	0
Environment	kpsMII_K1	9	0	0
Environment	kpsMII_K5	9	0	0
Environment	lpfA	9	0	0
Environment	lys	9	0	0
Environment	mcbA	9	0	0
Environment	mchB	9	0	0
Environment	mchC	9	0	0
Environment	mchF	9	0	0
Environment	mcmA	9	0	0
Environment	neuC	9	0	0
Environment	nleA	9	9	100
Environment	nleB	9	9	100
Environment	nleC	9	9	100
Environment	nlpI	9	9	100
Environment	ompT	9	9	100
Environment	papA_F12	9	0	0
Environment	papA_F19	9	0	0
Environment	papA_F20	9	0	0
Environment	papC	9	0	0
Environment	pic	9	0	0
Environment	senB	9	0	0
Environment	sfaD	9	0	0
Environment	sfaS	9	0	0
Environment	shiA	9	0	0
Environment	shiB	9	0	0
Environment	sitA	9	0	0
Environment	stx1	9	2	22.22222222222222
Environment	stx1-S.-sonnei-CB7888	9	0	0
Environment	stx1a-O157-EDL933	9	0	0
Environment	stx1a-O157-FLY16	9	0	0
Environment	stx1a-O157-GPU96MM	9	2	22.22222222222222
Environment	stx1c-O174-DG131-3	9	0	0
Environment	stx1c-ONT-BCN26	9	0	0
Environment	stx1c-ONT-HI-C	9	0	0
Environment	stx1c-Out-HI-N	9	0	0
Environment	stx1d-ONT-92-1252	9	0	0
Environment	stx2	9	9	100
Environment	stx2a-O104-G5506	9	0	0
Environment	stx2a-O111-928-91	9	0	0
Environment	stx2a-O157-93-111	9	0	0
Environment	stx2a-O157-EDL933	9	2	22.22222222222222
Environment	stx2a-O157-SF-258-98	9	0	0
Environment	stx2a-O178-TS22-08	9	0	0
Environment	stx2a-O48-94C	9	0	0
Environment	stx2a-O8-BMH-17-0027	9	0	0
Environment	stx2a-O83-N1135	9	0	0
Environment	stx2a-O88-N2688	9	0	0
Environment	stx2a-ONT-EK9900	9	0	0
Environment	stx2b-O118-EH250	9	0	0
Environment	stx2b-O128-24196-97	9	0	0
Environment	stx2b-O146-BMH-17-0036	9	0	0
Environment	stx2b-O174-031	9	0	0
Environment	stx2b-O40-5293-98	9	0	0
Environment	stx2b-O96-S-6	9	0	0
Environment	stx2c-O157-310	9	4	44.44444444444444
Environment	stx2c-O157-469	9	4	44.44444444444444
Environment	stx2c-O157-A75	9	4	44.44444444444444
Environment	stx2c-O157-FLY16	9	7	77.77777777777777
Environment	stx2c-O157-Y350-	9	4	44.44444444444444
Environment	stx2c-O177-06-5121	9	0	0
Environment	stx2c-OR-TS27-08	9	0	0
Environment	stx2d-O2-EC604a	9	0	0
Environment	stx2d-O28-MT71	9	0	0
Environment	stx2d-O73-C165-02	9	0	0
Environment	stx2d-OR-TS06-08	9	0	0
Environment	stx2d1-O91-B2F1	9	0	0
Environment	stx2e-O139-S1191	9	0	0
Environment	stx2e-ONT-26725-97	9	0	0
Environment	stx2g-O2-7v	9	0	0
Environment	stx2h-O102-STEC299	9	0	0
Environment	stx2i-O9-CB10366	9	0	0
Environment	stx2j-O33-PNUSAE005447	9	0	0
Environment	stx2k-O48-STEC309	9	0	0
Environment	subA	9	0	0
Environment	tccP	9	4	44.44444444444444
Environment	terC	9	9	100
Environment	tia	9	0	0
Environment	tibC	9	0	0
Environment	tir	9	9	100
Environment	toxB	9	9	100
Environment	traJ	9	3	33.333333333333336
Environment	traT	9	9	100
Environment	tsh	9	0	0
Environment	usp	9	0	0
Environment	vat	9	0	0
Environment	yehA	9	0	0
Environment	yehB	9	0	0
Environment	yehC	9	0	0
Environment	yehD	9	0	0
Environment	yfcV	9	0	0
Environment	yghJ	9	0	0
Flour	AslA	29	0	0
Flour	C719-09_SefB:unpublished	29	0	0
Flour	C719-09_SefC:unpublished	29	0	0
Flour	F17A	29	1	3.4482758620689653
Flour	F17C	29	1	3.4482758620689653
Flour	F17D	29	1	3.4482758620689653
Flour	F17G	29	1	3.4482758620689653
Flour	ORF3	29	0	0
Flour	ORF4	29	0	0
Flour	aaiC	29	1	3.4482758620689653
Flour	aalF	29	0	0
Flour	aamR	29	0	0
Flour	afaA	29	0	0
Flour	afaB	29	0	0
Flour	afaC	29	0	0
Flour	afaD	29	0	0
Flour	air	29	0	0
Flour	anr	29	4	13.793103448275861
Flour	astA	29	16	55.172413793103445
Flour	capU	29	0	0
Flour	cba	29	2	6.896551724137931
Flour	cdt-Ea	29	0	0
Flour	cdt-IIIB	29	1	3.4482758620689653
Flour	cdt-Sb	29	0	0
Flour	cdt-VB	29	0	0
Flour	cea	29	1	3.4482758620689653
Flour	chuA	29	0	0
Flour	cia	29	1	3.4482758620689653
Flour	cib	29	1	3.4482758620689653
Flour	cif	29	0	0
Flour	clbB	29	0	0
Flour	cma	29	1	3.4482758620689653
Flour	cnf2	29	0	0
Flour	colE2	29	0	0
Flour	colE2-like	29	0	0
Flour	colE4	29	0	0
Flour	colE5	29	0	0
Flour	colE7	29	0	0
Flour	colE8	29	0	0
Flour	colE9	29	1	3.4482758620689653
Flour	csgA	29	29	100
Flour	cvaC	29	1	3.4482758620689653
Flour	dhaK	29	0	0
Flour	eae-a03-zeta	29	0	0
Flour	eae-b01a-beta_1a	29	0	0
Flour	eae-e01-epsilon_1	29	10	34.48275862068966
Flour	eae-g01-gamma_1	29	0	0
Flour	eae-g02-theta	29	4	13.793103448275861
Flour	efa1	29	14	48.275862068965516
Flour	ehxA	29	23	79.3103448275862
Flour	eilA	29	0	0
Flour	eltIIAB-a	29	11	37.93103448275862
Flour	epeA	29	0	0
Flour	espA	29	14	48.275862068965516
Flour	espB	29	10	34.48275862068966
Flour	espF	29	13	44.827586206896555
Flour	espI	29	15	51.724137931034484
Flour	espJ	29	14	48.275862068965516
Flour	espP	29	10	34.48275862068966
Flour	espY2	29	0	0
Flour	estap-STa4	29	1	3.4482758620689653
Flour	estb-STb2:NEMH01000033	29	0	0
Flour	etpD	29	4	13.793103448275861
Flour	etsC	29	0	0
Flour	faeC	29	0	0
Flour	faeD	29	0	0
Flour	faeE	29	0	0
Flour	faeF	29	0	0
Flour	faeH	29	0	0
Flour	faeI	29	0	0
Flour	faeJ	29	0	0
Flour	fdeC	29	28	96.55172413793103
Flour	fedE	29	0	0
Flour	fimH	29	29	100
Flour	focCsfaE	29	0	0
Flour	fyuA	29	1	3.4482758620689653
Flour	gad	29	19	65.51724137931035
Flour	hha	29	2	6.896551724137931
Flour	hlyA	29	0	0
Flour	hlyE	29	29	100
Flour	hlyF	29	0	0
Flour	hra	29	1	3.4482758620689653
Flour	ibeA	29	0	0
Flour	iha	29	2	6.896551724137931
Flour	ireA	29	1	3.4482758620689653
Flour	iroN	29	0	0
Flour	irp2	29	1	3.4482758620689653
Flour	iss	29	7	24.137931034482758
Flour	iucC	29	0	0
Flour	iutA	29	0	0
Flour	katP	29	0	0
Flour	kpsE	29	0	0
Flour	kpsMII	29	0	0
Flour	kpsMII_K1	29	0	0
Flour	kpsMII_K5	29	0	0
Flour	lpfA	29	29	100
Flour	lys	29	0	0
Flour	mcbA	29	0	0
Flour	mchB	29	1	3.4482758620689653
Flour	mchC	29	1	3.4482758620689653
Flour	mchF	29	1	3.4482758620689653
Flour	mcmA	29	0	0
Flour	neuC	29	0	0
Flour	nleA	29	14	48.275862068965516
Flour	nleB	29	14	48.275862068965516
Flour	nleC	29	14	48.275862068965516
Flour	nlpI	29	29	100
Flour	ompT	29	19	65.51724137931035
Flour	papA_F12	29	0	0
Flour	papA_F19	29	0	0
Flour	papA_F20	29	0	0
Flour	papC	29	0	0
Flour	pic	29	0	0
Flour	senB	29	0	0
Flour	sfaD	29	0	0
Flour	sfaS	29	0	0
Flour	shiA	29	1	3.4482758620689653
Flour	shiB	29	1	3.4482758620689653
Flour	sitA	29	0	0
Flour	stx1	29	6	20.689655172413794
Flour	stx1-S.-sonnei-CB7888	29	5	17.24137931034483
Flour	stx1a-O157-EDL933	29	0	0
Flour	stx1a-O157-FLY16	29	0	0
Flour	stx1a-O157-GPU96MM	29	5	17.24137931034483
Flour	stx1c-O174-DG131-3	29	1	3.4482758620689653
Flour	stx1c-ONT-BCN26	29	1	3.4482758620689653
Flour	stx1c-ONT-HI-C	29	1	3.4482758620689653
Flour	stx1c-Out-HI-N	29	0	0
Flour	stx1d-ONT-92-1252	29	0	0
Flour	stx2	29	24	82.75862068965517
Flour	stx2a-O104-G5506	29	0	0
Flour	stx2a-O111-928-91	29	0	0
Flour	stx2a-O157-93-111	29	0	0
Flour	stx2a-O157-EDL933	29	10	34.48275862068966
Flour	stx2a-O157-SF-258-98	29	0	0
Flour	stx2a-O178-TS22-08	29	0	0
Flour	stx2a-O48-94C	29	0	0
Flour	stx2a-O8-BMH-17-0027	29	12	41.37931034482759
Flour	stx2a-O83-N1135	29	0	0
Flour	stx2a-O88-N2688	29	1	3.4482758620689653
Flour	stx2a-ONT-EK9900	29	10	34.48275862068966
Flour	stx2b-O118-EH250	29	0	0
Flour	stx2b-O128-24196-97	29	0	0
Flour	stx2b-O146-BMH-17-0036	29	0	0
Flour	stx2b-O174-031	29	0	0
Flour	stx2b-O40-5293-98	29	0	0
Flour	stx2b-O96-S-6	29	0	0
Flour	stx2c-O157-310	29	0	0
Flour	stx2c-O157-469	29	0	0
Flour	stx2c-O157-A75	29	0	0
Flour	stx2c-O157-FLY16	29	0	0
Flour	stx2c-O157-Y350-	29	0	0
Flour	stx2c-O177-06-5121	29	1	3.4482758620689653
Flour	stx2c-OR-TS27-08	29	0	0
Flour	stx2d-O2-EC604a	29	0	0
Flour	stx2d-O28-MT71	29	0	0
Flour	stx2d-O73-C165-02	29	0	0
Flour	stx2d-OR-TS06-08	29	0	0
Flour	stx2d1-O91-B2F1	29	0	0
Flour	stx2e-O139-S1191	29	0	0
Flour	stx2e-ONT-26725-97	29	0	0
Flour	stx2g-O2-7v	29	0	0
Flour	stx2h-O102-STEC299	29	0	0
Flour	stx2i-O9-CB10366	29	0	0
Flour	stx2j-O33-PNUSAE005447	29	0	0
Flour	stx2k-O48-STEC309	29	0	0
Flour	subA	29	1	3.4482758620689653
Flour	tccP	29	4	13.793103448275861
Flour	terC	29	29	100
Flour	tia	29	2	6.896551724137931
Flour	tibC	29	0	0
Flour	tir	29	14	48.275862068965516
Flour	toxB	29	8	27.586206896551722
Flour	traJ	29	0	0
Flour	traT	29	28	96.55172413793103
Flour	tsh	29	0	0
Flour	usp	29	0	0
Flour	vat	29	0	0
Flour	yehA	29	29	100
Flour	yehB	29	29	100
Flour	yehC	29	29	100
Flour	yehD	29	29	100
Flour	yfcV	29	0	0
Flour	yghJ	29	28	96.55172413793103
Meat	AslA	421	230	54.63182897862233
Meat	C719-09_SefB:unpublished	421	2	0.4750593824228028
Meat	C719-09_SefC:unpublished	421	2	0.4750593824228028
Meat	F17A	421	1	0.2375296912114014
Meat	F17C	421	1	0.2375296912114014
Meat	F17D	421	1	0.2375296912114014
Meat	F17G	421	1	0.2375296912114014
Meat	ORF3	421	15	3.5629453681710213
Meat	ORF4	421	15	3.5629453681710213
Meat	aaiC	421	19	4.513064133016627
Meat	aalF	421	15	3.5629453681710213
Meat	aamR	421	2	0.4750593824228028
Meat	afaA	421	10	2.375296912114014
Meat	afaB	421	8	1.9002375296912113
Meat	afaC	421	7	1.66270783847981
Meat	afaD	421	9	2.137767220902613
Meat	air	421	5	1.187648456057007
Meat	anr	421	256	60.80760095011876
Meat	astA	421	216	51.30641330166271
Meat	capU	421	3	0.7125890736342043
Meat	cba	421	75	17.81472684085511
Meat	cdt-Ea	421	0	0
Meat	cdt-IIIB	421	14	3.32541567695962
Meat	cdt-Sb	421	0	0
Meat	cdt-VB	421	4	0.9501187648456056
Meat	cea	421	52	12.351543942992874
Meat	chuA	421	214	50.8313539192399
Meat	cia	421	79	18.764845605700714
Meat	cib	421	42	9.97624703087886
Meat	cif	421	3	0.7125890736342043
Meat	clbB	421	5	1.187648456057007
Meat	cma	421	47	11.163895486935868
Meat	cnf2	421	13	3.0878859857482186
Meat	colE2	421	12	2.8503562945368173
Meat	colE2-like	421	29	6.888361045130641
Meat	colE4	421	0	0
Meat	colE5	421	18	4.275534441805226
Meat	colE7	421	0	0
Meat	colE8	421	6	1.4251781472684086
Meat	colE9	421	0	0
Meat	csgA	421	421	100
Meat	cvaC	421	24	5.7007125890736345
Meat	dhaK	421	3	0.7125890736342043
Meat	eae-a03-zeta	421	2	0.4750593824228028
Meat	eae-b01a-beta_1a	421	1	0.2375296912114014
Meat	eae-e01-epsilon_1	421	2	0.4750593824228028
Meat	eae-g01-gamma_1	421	200	47.50593824228029
Meat	eae-g02-theta	421	1	0.2375296912114014
Meat	efa1	421	4	0.9501187648456056
Meat	ehxA	421	276	65.55819477434679
Meat	eilA	421	5	1.187648456057007
Meat	eltIIAB-a	421	14	3.32541567695962
Meat	epeA	421	25	5.938242280285036
Meat	espA	421	206	48.93111638954869
Meat	espB	421	203	48.21852731591449
Meat	espF	421	94	22.327790973871736
Meat	espI	421	57	13.539192399049881
Meat	espJ	421	202	47.980997624703086
Meat	espP	421	229	54.394299287410924
Meat	espY2	421	211	50.1187648456057
Meat	estap-STa4	421	6	1.4251781472684086
Meat	estb-STb2:NEMH01000033	421	0	0
Meat	etpD	421	204	48.45605700712589
Meat	etsC	421	11	2.6128266033254155
Meat	faeC	421	20	4.750593824228028
Meat	faeD	421	5	1.187648456057007
Meat	faeE	421	20	4.750593824228028
Meat	faeF	421	17	4.038004750593824
Meat	faeH	421	4	0.9501187648456056
Meat	faeI	421	19	4.513064133016627
Meat	faeJ	421	4	0.9501187648456056
Meat	fdeC	421	404	95.96199524940617
Meat	fedE	421	4	0.9501187648456056
Meat	fimH	421	412	97.86223277909738
Meat	focCsfaE	421	3	0.7125890736342043
Meat	fyuA	421	33	7.838479809976247
Meat	gad	421	297	70.54631828978623
Meat	hha	421	151	35.86698337292162
Meat	hlyA	421	4	0.9501187648456056
Meat	hlyE	421	413	98.09976247030879
Meat	hlyF	421	14	3.32541567695962
Meat	hra	421	54	12.826603325415677
Meat	ibeA	421	3	0.7125890736342043
Meat	iha	421	343	81.47268408551069
Meat	ireA	421	105	24.94061757719715
Meat	iroN	421	17	4.038004750593824
Meat	irp2	421	33	7.838479809976247
Meat	iss	421	379	90.02375296912113
Meat	iucC	421	70	16.6270783847981
Meat	iutA	421	70	16.6270783847981
Meat	katP	421	234	55.581947743467936
Meat	kpsE	421	56	13.30166270783848
Meat	kpsMII	421	0	0
Meat	kpsMII_K1	421	3	0.7125890736342043
Meat	kpsMII_K5	421	1	0.2375296912114014
Meat	lpfA	421	184	43.705463182897866
Meat	lys	421	2	0.4750593824228028
Meat	mcbA	421	22	5.225653206650831
Meat	mchB	421	82	19.477434679334916
Meat	mchC	421	82	19.477434679334916
Meat	mchF	421	90	21.377672209026127
Meat	mcmA	421	20	4.750593824228028
Meat	neuC	421	14	3.32541567695962
Meat	nleA	421	204	48.45605700712589
Meat	nleB	421	206	48.93111638954869
Meat	nleC	421	204	48.45605700712589
Meat	nlpI	421	421	100
Meat	ompT	421	355	84.3230403800475
Meat	papA_F12	421	0	0
Meat	papA_F19	421	1	0.2375296912114014
Meat	papA_F20	421	2	0.4750593824228028
Meat	papC	421	3	0.7125890736342043
Meat	pic	421	6	1.4251781472684086
Meat	senB	421	32	7.600950118764845
Meat	sfaD	421	3	0.7125890736342043
Meat	sfaS	421	3	0.7125890736342043
Meat	shiA	421	94	22.327790973871736
Meat	shiB	421	40	9.501187648456057
Meat	sitA	421	61	14.489311163895486
Meat	stx1	421	282	66.9833729216152
Meat	stx1-S.-sonnei-CB7888	421	62	14.726840855106888
Meat	stx1a-O157-EDL933	421	1	0.2375296912114014
Meat	stx1a-O157-FLY16	421	13	3.0878859857482186
Meat	stx1a-O157-GPU96MM	421	188	44.65558194774347
Meat	stx1c-O174-DG131-3	421	80	19.002375296912113
Meat	stx1c-ONT-BCN26	421	80	19.002375296912113
Meat	stx1c-ONT-HI-C	421	80	19.002375296912113
Meat	stx1c-Out-HI-N	421	2	0.4750593824228028
Meat	stx1d-ONT-92-1252	421	0	0
Meat	stx2	421	336	79.80997624703087
Meat	stx2a-O104-G5506	421	1	0.2375296912114014
Meat	stx2a-O111-928-91	421	10	2.375296912114014
Meat	stx2a-O157-93-111	421	10	2.375296912114014
Meat	stx2a-O157-EDL933	421	159	37.76722090261283
Meat	stx2a-O157-SF-258-98	421	2	0.4750593824228028
Meat	stx2a-O178-TS22-08	421	1	0.2375296912114014
Meat	stx2a-O48-94C	421	4	0.9501187648456056
Meat	stx2a-O8-BMH-17-0027	421	1	0.2375296912114014
Meat	stx2a-O83-N1135	421	3	0.7125890736342043
Meat	stx2a-O88-N2688	421	2	0.4750593824228028
Meat	stx2a-ONT-EK9900	421	1	0.2375296912114014
Meat	stx2b-O118-EH250	421	50	11.876484560570072
Meat	stx2b-O128-24196-97	421	4	0.9501187648456056
Meat	stx2b-O146-BMH-17-0036	421	5	1.187648456057007
Meat	stx2b-O174-031	421	26	6.175771971496437
Meat	stx2b-O40-5293-98	421	4	0.9501187648456056
Meat	stx2b-O96-S-6	421	3	0.7125890736342043
Meat	stx2c-O157-310	421	3	0.7125890736342043
Meat	stx2c-O157-469	421	13	3.0878859857482186
Meat	stx2c-O157-A75	421	3	0.7125890736342043
Meat	stx2c-O157-FLY16	421	49	11.63895486935867
Meat	stx2c-O157-Y350-	421	3	0.7125890736342043
Meat	stx2c-O177-06-5121	421	1	0.2375296912114014
Meat	stx2c-OR-TS27-08	421	2	0.4750593824228028
Meat	stx2d-O2-EC604a	421	3	0.7125890736342043
Meat	stx2d-O28-MT71	421	6	1.4251781472684086
Meat	stx2d-O73-C165-02	421	0	0
Meat	stx2d-OR-TS06-08	421	1	0.2375296912114014
Meat	stx2d1-O91-B2F1	421	1	0.2375296912114014
Meat	stx2e-O139-S1191	421	1	0.2375296912114014
Meat	stx2e-ONT-26725-97	421	7	1.66270783847981
Meat	stx2g-O2-7v	421	2	0.4750593824228028
Meat	stx2h-O102-STEC299	421	0	0
Meat	stx2i-O9-CB10366	421	12	2.8503562945368173
Meat	stx2j-O33-PNUSAE005447	421	0	0
Meat	stx2k-O48-STEC309	421	1	0.2375296912114014
Meat	subA	421	97	23.040380047505938
Meat	tccP	421	36	8.551068883610451
Meat	terC	421	421	100
Meat	tia	421	133	31.59144893111639
Meat	tibC	421	26	6.175771971496437
Meat	tir	421	206	48.93111638954869
Meat	toxB	421	188	44.65558194774347
Meat	traJ	421	94	22.327790973871736
Meat	traT	421	388	92.16152019002375
Meat	tsh	421	1	0.2375296912114014
Meat	usp	421	3	0.7125890736342043
Meat	vat	421	3	0.7125890736342043
Meat	yehA	421	210	49.8812351543943
Meat	yehB	421	215	51.06888361045131
Meat	yehC	421	215	51.06888361045131
Meat	yehD	421	216	51.30641330166271
Meat	yfcV	421	4	0.9501187648456056
Meat	yghJ	421	157	37.29216152019002
Nuts/Seeds	AslA	18	6	33.333333333333336
Nuts/Seeds	C719-09_SefB:unpublished	18	0	0
Nuts/Seeds	C719-09_SefC:unpublished	18	0	0
Nuts/Seeds	F17A	18	0	0
Nuts/Seeds	F17C	18	0	0
Nuts/Seeds	F17D	18	0	0
Nuts/Seeds	F17G	18	0	0
Nuts/Seeds	ORF3	18	0	0
Nuts/Seeds	ORF4	18	0	0
Nuts/Seeds	aaiC	18	0	0
Nuts/Seeds	aalF	18	0	0
Nuts/Seeds	aamR	18	0	0
Nuts/Seeds	afaA	18	0	0
Nuts/Seeds	afaB	18	0	0
Nuts/Seeds	afaC	18	0	0
Nuts/Seeds	afaD	18	0	0
Nuts/Seeds	air	18	1	5.555555555555555
Nuts/Seeds	anr	18	4	22.22222222222222
Nuts/Seeds	astA	18	3	16.666666666666668
Nuts/Seeds	capU	18	0	0
Nuts/Seeds	cba	18	1	5.555555555555555
Nuts/Seeds	cdt-Ea	18	0	0
Nuts/Seeds	cdt-IIIB	18	0	0
Nuts/Seeds	cdt-Sb	18	0	0
Nuts/Seeds	cdt-VB	18	0	0
Nuts/Seeds	cea	18	0	0
Nuts/Seeds	chuA	18	6	33.333333333333336
Nuts/Seeds	cia	18	7	38.888888888888886
Nuts/Seeds	cib	18	5	27.77777777777778
Nuts/Seeds	cif	18	0	0
Nuts/Seeds	clbB	18	0	0
Nuts/Seeds	cma	18	0	0
Nuts/Seeds	cnf2	18	0	0
Nuts/Seeds	colE2	18	0	0
Nuts/Seeds	colE2-like	18	0	0
Nuts/Seeds	colE4	18	0	0
Nuts/Seeds	colE5	18	0	0
Nuts/Seeds	colE7	18	0	0
Nuts/Seeds	colE8	18	0	0
Nuts/Seeds	colE9	18	0	0
Nuts/Seeds	csgA	18	18	100
Nuts/Seeds	cvaC	18	0	0
Nuts/Seeds	dhaK	18	0	0
Nuts/Seeds	eae-a03-zeta	18	0	0
Nuts/Seeds	eae-b01a-beta_1a	18	0	0
Nuts/Seeds	eae-e01-epsilon_1	18	0	0
Nuts/Seeds	eae-g01-gamma_1	18	1	5.555555555555555
Nuts/Seeds	eae-g02-theta	18	0	0
Nuts/Seeds	efa1	18	0	0
Nuts/Seeds	ehxA	18	7	38.888888888888886
Nuts/Seeds	eilA	18	1	5.555555555555555
Nuts/Seeds	eltIIAB-a	18	5	27.77777777777778
Nuts/Seeds	epeA	18	0	0
Nuts/Seeds	espA	18	1	5.555555555555555
Nuts/Seeds	espB	18	1	5.555555555555555
Nuts/Seeds	espF	18	1	5.555555555555555
Nuts/Seeds	espI	18	0	0
Nuts/Seeds	espJ	18	1	5.555555555555555
Nuts/Seeds	espP	18	7	38.888888888888886
Nuts/Seeds	espY2	18	2	11.11111111111111
Nuts/Seeds	estap-STa4	18	2	11.11111111111111
Nuts/Seeds	estb-STb2:NEMH01000033	18	0	0
Nuts/Seeds	etpD	18	1	5.555555555555555
Nuts/Seeds	etsC	18	1	5.555555555555555
Nuts/Seeds	faeC	18	2	11.11111111111111
Nuts/Seeds	faeD	18	2	11.11111111111111
Nuts/Seeds	faeE	18	2	11.11111111111111
Nuts/Seeds	faeF	18	0	0
Nuts/Seeds	faeH	18	2	11.11111111111111
Nuts/Seeds	faeI	18	2	11.11111111111111
Nuts/Seeds	faeJ	18	2	11.11111111111111
Nuts/Seeds	fdeC	18	16	88.88888888888889
Nuts/Seeds	fedE	18	0	0
Nuts/Seeds	fimH	18	18	100
Nuts/Seeds	focCsfaE	18	0	0
Nuts/Seeds	fyuA	18	0	0
Nuts/Seeds	gad	18	16	88.88888888888889
Nuts/Seeds	hha	18	4	22.22222222222222
Nuts/Seeds	hlyA	18	2	11.11111111111111
Nuts/Seeds	hlyE	18	14	77.77777777777777
Nuts/Seeds	hlyF	18	1	5.555555555555555
Nuts/Seeds	hra	18	3	16.666666666666668
Nuts/Seeds	ibeA	18	0	0
Nuts/Seeds	iha	18	8	44.44444444444444
Nuts/Seeds	ireA	18	0	0
Nuts/Seeds	iroN	18	0	0
Nuts/Seeds	irp2	18	0	0
Nuts/Seeds	iss	18	13	72.22222222222223
Nuts/Seeds	iucC	18	1	5.555555555555555
Nuts/Seeds	iutA	18	1	5.555555555555555
Nuts/Seeds	katP	18	1	5.555555555555555
Nuts/Seeds	kpsE	18	0	0
Nuts/Seeds	kpsMII	18	0	0
Nuts/Seeds	kpsMII_K1	18	0	0
Nuts/Seeds	kpsMII_K5	18	0	0
Nuts/Seeds	lpfA	18	16	88.88888888888889
Nuts/Seeds	lys	18	0	0
Nuts/Seeds	mcbA	18	1	5.555555555555555
Nuts/Seeds	mchB	18	0	0
Nuts/Seeds	mchC	18	0	0
Nuts/Seeds	mchF	18	4	22.22222222222222
Nuts/Seeds	mcmA	18	0	0
Nuts/Seeds	neuC	18	0	0
Nuts/Seeds	nleA	18	1	5.555555555555555
Nuts/Seeds	nleB	18	1	5.555555555555555
Nuts/Seeds	nleC	18	1	5.555555555555555
Nuts/Seeds	nlpI	18	18	100
Nuts/Seeds	ompT	18	17	94.44444444444444
Nuts/Seeds	papA_F12	18	0	0
Nuts/Seeds	papA_F19	18	0	0
Nuts/Seeds	papA_F20	18	0	0
Nuts/Seeds	papC	18	0	0
Nuts/Seeds	pic	18	0	0
Nuts/Seeds	senB	18	0	0
Nuts/Seeds	sfaD	18	0	0
Nuts/Seeds	sfaS	18	0	0
Nuts/Seeds	shiA	18	1	5.555555555555555
Nuts/Seeds	shiB	18	0	0
Nuts/Seeds	sitA	18	5	27.77777777777778
Nuts/Seeds	stx1	18	5	27.77777777777778
Nuts/Seeds	stx1-S.-sonnei-CB7888	18	4	22.22222222222222
Nuts/Seeds	stx1a-O157-EDL933	18	0	0
Nuts/Seeds	stx1a-O157-FLY16	18	0	0
Nuts/Seeds	stx1a-O157-GPU96MM	18	4	22.22222222222222
Nuts/Seeds	stx1c-O174-DG131-3	18	0	0
Nuts/Seeds	stx1c-ONT-BCN26	18	0	0
Nuts/Seeds	stx1c-ONT-HI-C	18	0	0
Nuts/Seeds	stx1c-Out-HI-N	18	0	0
Nuts/Seeds	stx1d-ONT-92-1252	18	1	5.555555555555555
Nuts/Seeds	stx2	18	17	94.44444444444444
Nuts/Seeds	stx2a-O104-G5506	18	0	0
Nuts/Seeds	stx2a-O111-928-91	18	0	0
Nuts/Seeds	stx2a-O157-93-111	18	0	0
Nuts/Seeds	stx2a-O157-EDL933	18	4	22.22222222222222
Nuts/Seeds	stx2a-O157-SF-258-98	18	0	0
Nuts/Seeds	stx2a-O178-TS22-08	18	4	22.22222222222222
Nuts/Seeds	stx2a-O48-94C	18	0	0
Nuts/Seeds	stx2a-O8-BMH-17-0027	18	6	33.333333333333336
Nuts/Seeds	stx2a-O83-N1135	18	0	0
Nuts/Seeds	stx2a-O88-N2688	18	0	0
Nuts/Seeds	stx2a-ONT-EK9900	18	2	11.11111111111111
Nuts/Seeds	stx2b-O118-EH250	18	0	0
Nuts/Seeds	stx2b-O128-24196-97	18	0	0
Nuts/Seeds	stx2b-O146-BMH-17-0036	18	0	0
Nuts/Seeds	stx2b-O174-031	18	0	0
Nuts/Seeds	stx2b-O40-5293-98	18	0	0
Nuts/Seeds	stx2b-O96-S-6	18	0	0
Nuts/Seeds	stx2c-O157-310	18	0	0
Nuts/Seeds	stx2c-O157-469	18	1	5.555555555555555
Nuts/Seeds	stx2c-O157-A75	18	0	0
Nuts/Seeds	stx2c-O157-FLY16	18	1	5.555555555555555
Nuts/Seeds	stx2c-O157-Y350-	18	0	0
Nuts/Seeds	stx2c-O177-06-5121	18	0	0
Nuts/Seeds	stx2c-OR-TS27-08	18	2	11.11111111111111
Nuts/Seeds	stx2d-O2-EC604a	18	0	0
Nuts/Seeds	stx2d-O28-MT71	18	0	0
Nuts/Seeds	stx2d-O73-C165-02	18	0	0
Nuts/Seeds	stx2d-OR-TS06-08	18	0	0
Nuts/Seeds	stx2d1-O91-B2F1	18	0	0
Nuts/Seeds	stx2e-O139-S1191	18	0	0
Nuts/Seeds	stx2e-ONT-26725-97	18	0	0
Nuts/Seeds	stx2g-O2-7v	18	0	0
Nuts/Seeds	stx2h-O102-STEC299	18	0	0
Nuts/Seeds	stx2i-O9-CB10366	18	0	0
Nuts/Seeds	stx2j-O33-PNUSAE005447	18	0	0
Nuts/Seeds	stx2k-O48-STEC309	18	0	0
Nuts/Seeds	subA	18	4	22.22222222222222
Nuts/Seeds	tccP	18	0	0
Nuts/Seeds	terC	18	18	100
Nuts/Seeds	tia	18	1	5.555555555555555
Nuts/Seeds	tibC	18	0	0
Nuts/Seeds	tir	18	1	5.555555555555555
Nuts/Seeds	toxB	18	1	5.555555555555555
Nuts/Seeds	traJ	18	3	16.666666666666668
Nuts/Seeds	traT	18	15	83.33333333333333
Nuts/Seeds	tsh	18	0	0
Nuts/Seeds	usp	18	0	0
Nuts/Seeds	vat	18	0	0
Nuts/Seeds	yehA	18	17	94.44444444444444
Nuts/Seeds	yehB	18	17	94.44444444444444
Nuts/Seeds	yehC	18	17	94.44444444444444
Nuts/Seeds	yehD	18	17	94.44444444444444
Nuts/Seeds	yfcV	18	0	0
Nuts/Seeds	yghJ	18	17	94.44444444444444
Other	AslA	1	1	100
Other	C719-09_SefB:unpublished	1	0	0
Other	C719-09_SefC:unpublished	1	0	0
Other	F17A	1	0	0
Other	F17C	1	0	0
Other	F17D	1	0	0
Other	F17G	1	0	0
Other	ORF3	1	0	0
Other	ORF4	1	0	0
Other	aaiC	1	0	0
Other	aalF	1	0	0
Other	aamR	1	0	0
Other	afaA	1	0	0
Other	afaB	1	0	0
Other	afaC	1	0	0
Other	afaD	1	0	0
Other	air	1	0	0
Other	anr	1	1	100
Other	astA	1	1	100
Other	capU	1	0	0
Other	cba	1	0	0
Other	cdt-Ea	1	0	0
Other	cdt-IIIB	1	0	0
Other	cdt-Sb	1	0	0
Other	cdt-VB	1	0	0
Other	cea	1	0	0
Other	chuA	1	1	100
Other	cia	1	0	0
Other	cib	1	0	0
Other	cif	1	0	0
Other	clbB	1	0	0
Other	cma	1	0	0
Other	cnf2	1	0	0
Other	colE2	1	0	0
Other	colE2-like	1	0	0
Other	colE4	1	0	0
Other	colE5	1	0	0
Other	colE7	1	0	0
Other	colE8	1	0	0
Other	colE9	1	0	0
Other	csgA	1	1	100
Other	cvaC	1	0	0
Other	dhaK	1	0	0
Other	eae-a03-zeta	1	0	0
Other	eae-b01a-beta_1a	1	0	0
Other	eae-e01-epsilon_1	1	0	0
Other	eae-g01-gamma_1	1	1	100
Other	eae-g02-theta	1	0	0
Other	efa1	1	0	0
Other	ehxA	1	1	100
Other	eilA	1	0	0
Other	eltIIAB-a	1	0	0
Other	epeA	1	0	0
Other	espA	1	1	100
Other	espB	1	1	100
Other	espF	1	1	100
Other	espI	1	0	0
Other	espJ	1	1	100
Other	espP	1	1	100
Other	espY2	1	1	100
Other	estap-STa4	1	0	0
Other	estb-STb2:NEMH01000033	1	0	0
Other	etpD	1	1	100
Other	etsC	1	0	0
Other	faeC	1	0	0
Other	faeD	1	0	0
Other	faeE	1	0	0
Other	faeF	1	0	0
Other	faeH	1	0	0
Other	faeI	1	0	0
Other	faeJ	1	0	0
Other	fdeC	1	1	100
Other	fedE	1	0	0
Other	fimH	1	1	100
Other	focCsfaE	1	0	0
Other	fyuA	1	0	0
Other	gad	1	1	100
Other	hha	1	0	0
Other	hlyA	1	0	0
Other	hlyE	1	1	100
Other	hlyF	1	0	0
Other	hra	1	0	0
Other	ibeA	1	0	0
Other	iha	1	1	100
Other	ireA	1	0	0
Other	iroN	1	0	0
Other	irp2	1	0	0
Other	iss	1	1	100
Other	iucC	1	0	0
Other	iutA	1	0	0
Other	katP	1	1	100
Other	kpsE	1	0	0
Other	kpsMII	1	0	0
Other	kpsMII_K1	1	0	0
Other	kpsMII_K5	1	0	0
Other	lpfA	1	0	0
Other	lys	1	0	0
Other	mcbA	1	0	0
Other	mchB	1	0	0
Other	mchC	1	0	0
Other	mchF	1	0	0
Other	mcmA	1	0	0
Other	neuC	1	0	0
Other	nleA	1	1	100
Other	nleB	1	1	100
Other	nleC	1	1	100
Other	nlpI	1	1	100
Other	ompT	1	1	100
Other	papA_F12	1	0	0
Other	papA_F19	1	0	0
Other	papA_F20	1	0	0
Other	papC	1	0	0
Other	pic	1	0	0
Other	senB	1	0	0
Other	sfaD	1	0	0
Other	sfaS	1	0	0
Other	shiA	1	0	0
Other	shiB	1	0	0
Other	sitA	1	0	0
Other	stx1	1	1	100
Other	stx1-S.-sonnei-CB7888	1	0	0
Other	stx1a-O157-EDL933	1	0	0
Other	stx1a-O157-FLY16	1	0	0
Other	stx1a-O157-GPU96MM	1	1	100
Other	stx1c-O174-DG131-3	1	0	0
Other	stx1c-ONT-BCN26	1	0	0
Other	stx1c-ONT-HI-C	1	0	0
Other	stx1c-Out-HI-N	1	0	0
Other	stx1d-ONT-92-1252	1	0	0
Other	stx2	1	1	100
Other	stx2a-O104-G5506	1	0	0
Other	stx2a-O111-928-91	1	0	0
Other	stx2a-O157-93-111	1	0	0
Other	stx2a-O157-EDL933	1	1	100
Other	stx2a-O157-SF-258-98	1	0	0
Other	stx2a-O178-TS22-08	1	0	0
Other	stx2a-O48-94C	1	0	0
Other	stx2a-O8-BMH-17-0027	1	0	0
Other	stx2a-O83-N1135	1	0	0
Other	stx2a-O88-N2688	1	0	0
Other	stx2a-ONT-EK9900	1	0	0
Other	stx2b-O118-EH250	1	0	0
Other	stx2b-O128-24196-97	1	0	0
Other	stx2b-O146-BMH-17-0036	1	0	0
Other	stx2b-O174-031	1	0	0
Other	stx2b-O40-5293-98	1	0	0
Other	stx2b-O96-S-6	1	0	0
Other	stx2c-O157-310	1	0	0
Other	stx2c-O157-469	1	0	0
Other	stx2c-O157-A75	1	0	0
Other	stx2c-O157-FLY16	1	0	0
Other	stx2c-O157-Y350-	1	0	0
Other	stx2c-O177-06-5121	1	0	0
Other	stx2c-OR-TS27-08	1	0	0
Other	stx2d-O2-EC604a	1	0	0
Other	stx2d-O28-MT71	1	0	0
Other	stx2d-O73-C165-02	1	0	0
Other	stx2d-OR-TS06-08	1	0	0
Other	stx2d1-O91-B2F1	1	0	0
Other	stx2e-O139-S1191	1	0	0
Other	stx2e-ONT-26725-97	1	0	0
Other	stx2g-O2-7v	1	0	0
Other	stx2h-O102-STEC299	1	0	0
Other	stx2i-O9-CB10366	1	0	0
Other	stx2j-O33-PNUSAE005447	1	0	0
Other	stx2k-O48-STEC309	1	0	0
Other	subA	1	0	0
Other	tccP	1	0	0
Other	terC	1	1	100
Other	tia	1	0	0
Other	tibC	1	0	0
Other	tir	1	1	100
Other	toxB	1	1	100
Other	traJ	1	0	0
Other	traT	1	1	100
Other	tsh	1	0	0
Other	usp	1	0	0
Other	vat	1	0	0
Other	yehA	1	0	0
Other	yehB	1	0	0
Other	yehC	1	0	0
Other	yehD	1	0	0
Other	yfcV	1	0	0
Other	yghJ	1	0	0
Vegetable	AslA	6	6	100
Vegetable	C719-09_SefB:unpublished	6	0	0
Vegetable	C719-09_SefC:unpublished	6	0	0
Vegetable	F17A	6	0	0
Vegetable	F17C	6	0	0
Vegetable	F17D	6	0	0
Vegetable	F17G	6	0	0
Vegetable	ORF3	6	0	0
Vegetable	ORF4	6	0	0
Vegetable	aaiC	6	0	0
Vegetable	aalF	6	0	0
Vegetable	aamR	6	0	0
Vegetable	afaA	6	0	0
Vegetable	afaB	6	0	0
Vegetable	afaC	6	0	0
Vegetable	afaD	6	0	0
Vegetable	air	6	1	16.666666666666668
Vegetable	anr	6	2	33.333333333333336
Vegetable	astA	6	3	50
Vegetable	capU	6	0	0
Vegetable	cba	6	0	0
Vegetable	cdt-Ea	6	0	0
Vegetable	cdt-IIIB	6	0	0
Vegetable	cdt-Sb	6	0	0
Vegetable	cdt-VB	6	1	16.666666666666668
Vegetable	cea	6	2	33.333333333333336
Vegetable	chuA	6	4	66.66666666666667
Vegetable	cia	6	1	16.666666666666668
Vegetable	cib	6	0	0
Vegetable	cif	6	0	0
Vegetable	clbB	6	0	0
Vegetable	cma	6	0	0
Vegetable	cnf2	6	0	0
Vegetable	colE2	6	0	0
Vegetable	colE2-like	6	0	0
Vegetable	colE4	6	1	16.666666666666668
Vegetable	colE5	6	0	0
Vegetable	colE7	6	1	16.666666666666668
Vegetable	colE8	6	0	0
Vegetable	colE9	6	0	0
Vegetable	csgA	6	6	100
Vegetable	cvaC	6	2	33.333333333333336
Vegetable	dhaK	6	0	0
Vegetable	eae-a03-zeta	6	0	0
Vegetable	eae-b01a-beta_1a	6	0	0
Vegetable	eae-e01-epsilon_1	6	0	0
Vegetable	eae-g01-gamma_1	6	2	33.333333333333336
Vegetable	eae-g02-theta	6	0	0
Vegetable	efa1	6	0	0
Vegetable	ehxA	6	4	66.66666666666667
Vegetable	eilA	6	1	16.666666666666668
Vegetable	eltIIAB-a	6	0	0
Vegetable	epeA	6	0	0
Vegetable	espA	6	2	33.333333333333336
Vegetable	espB	6	2	33.333333333333336
Vegetable	espF	6	1	16.666666666666668
Vegetable	espI	6	0	0
Vegetable	espJ	6	2	33.333333333333336
Vegetable	espP	6	2	33.333333333333336
Vegetable	espY2	6	3	50
Vegetable	estap-STa4	6	0	0
Vegetable	estb-STb2:NEMH01000033	6	0	0
Vegetable	etpD	6	2	33.333333333333336
Vegetable	etsC	6	0	0
Vegetable	faeC	6	0	0
Vegetable	faeD	6	0	0
Vegetable	faeE	6	0	0
Vegetable	faeF	6	0	0
Vegetable	faeH	6	0	0
Vegetable	faeI	6	0	0
Vegetable	faeJ	6	0	0
Vegetable	fdeC	6	6	100
Vegetable	fedE	6	0	0
Vegetable	fimH	6	6	100
Vegetable	focCsfaE	6	0	0
Vegetable	fyuA	6	1	16.666666666666668
Vegetable	gad	6	4	66.66666666666667
Vegetable	hha	6	2	33.333333333333336
Vegetable	hlyA	6	0	0
Vegetable	hlyE	6	5	83.33333333333333
Vegetable	hlyF	6	0	0
Vegetable	hra	6	2	33.333333333333336
Vegetable	ibeA	6	0	0
Vegetable	iha	6	4	66.66666666666667
Vegetable	ireA	6	0	0
Vegetable	iroN	6	0	0
Vegetable	irp2	6	1	16.666666666666668
Vegetable	iss	6	4	66.66666666666667
Vegetable	iucC	6	1	16.666666666666668
Vegetable	iutA	6	1	16.666666666666668
Vegetable	katP	6	2	33.333333333333336
Vegetable	kpsE	6	1	16.666666666666668
Vegetable	kpsMII	6	1	16.666666666666668
Vegetable	kpsMII_K1	6	0	0
Vegetable	kpsMII_K5	6	0	0
Vegetable	lpfA	6	1	16.666666666666668
Vegetable	lys	6	0	0
Vegetable	mcbA	6	0	0
Vegetable	mchB	6	0	0
Vegetable	mchC	6	0	0
Vegetable	mchF	6	0	0
Vegetable	mcmA	6	0	0
Vegetable	neuC	6	0	0
Vegetable	nleA	6	2	33.333333333333336
Vegetable	nleB	6	2	33.333333333333336
Vegetable	nleC	6	2	33.333333333333336
Vegetable	nlpI	6	6	100
Vegetable	ompT	6	5	83.33333333333333
Vegetable	papA_F12	6	1	16.666666666666668
Vegetable	papA_F19	6	0	0
Vegetable	papA_F20	6	0	0
Vegetable	papC	6	1	16.666666666666668
Vegetable	pic	6	0	0
Vegetable	senB	6	0	0
Vegetable	sfaD	6	0	0
Vegetable	sfaS	6	0	0
Vegetable	shiA	6	0	0
Vegetable	shiB	6	0	0
Vegetable	sitA	6	1	16.666666666666668
Vegetable	stx1	6	2	33.333333333333336
Vegetable	stx1-S.-sonnei-CB7888	6	0	0
Vegetable	stx1a-O157-EDL933	6	0	0
Vegetable	stx1a-O157-FLY16	6	1	16.666666666666668
Vegetable	stx1a-O157-GPU96MM	6	1	16.666666666666668
Vegetable	stx1c-O174-DG131-3	6	0	0
Vegetable	stx1c-ONT-BCN26	6	0	0
Vegetable	stx1c-ONT-HI-C	6	0	0
Vegetable	stx1c-Out-HI-N	6	0	0
Vegetable	stx1d-ONT-92-1252	6	0	0
Vegetable	stx2	6	6	100
Vegetable	stx2a-O104-G5506	6	0	0
Vegetable	stx2a-O111-928-91	6	0	0
Vegetable	stx2a-O157-93-111	6	0	0
Vegetable	stx2a-O157-EDL933	6	2	33.333333333333336
Vegetable	stx2a-O157-SF-258-98	6	0	0
Vegetable	stx2a-O178-TS22-08	6	0	0
Vegetable	stx2a-O48-94C	6	0	0
Vegetable	stx2a-O8-BMH-17-0027	6	0	0
Vegetable	stx2a-O83-N1135	6	0	0
Vegetable	stx2a-O88-N2688	6	0	0
Vegetable	stx2a-ONT-EK9900	6	1	16.666666666666668
Vegetable	stx2b-O118-EH250	6	0	0
Vegetable	stx2b-O128-24196-97	6	0	0
Vegetable	stx2b-O146-BMH-17-0036	6	0	0
Vegetable	stx2b-O174-031	6	0	0
Vegetable	stx2b-O40-5293-98	6	0	0
Vegetable	stx2b-O96-S-6	6	0	0
Vegetable	stx2c-O157-310	6	0	0
Vegetable	stx2c-O157-469	6	0	0
Vegetable	stx2c-O157-A75	6	0	0
Vegetable	stx2c-O157-FLY16	6	0	0
Vegetable	stx2c-O157-Y350-	6	0	0
Vegetable	stx2c-O177-06-5121	6	0	0
Vegetable	stx2c-OR-TS27-08	6	0	0
Vegetable	stx2d-O2-EC604a	6	0	0
Vegetable	stx2d-O28-MT71	6	0	0
Vegetable	stx2d-O73-C165-02	6	0	0
Vegetable	stx2d-OR-TS06-08	6	0	0
Vegetable	stx2d1-O91-B2F1	6	0	0
Vegetable	stx2e-O139-S1191	6	0	0
Vegetable	stx2e-ONT-26725-97	6	0	0
Vegetable	stx2g-O2-7v	6	0	0
Vegetable	stx2h-O102-STEC299	6	1	16.666666666666668
Vegetable	stx2i-O9-CB10366	6	0	0
Vegetable	stx2j-O33-PNUSAE005447	6	1	16.666666666666668
Vegetable	stx2k-O48-STEC309	6	0	0
Vegetable	subA	6	0	0
Vegetable	tccP	6	0	0
Vegetable	terC	6	6	100
Vegetable	tia	6	0	0
Vegetable	tibC	6	0	0
Vegetable	tir	6	2	33.333333333333336
Vegetable	toxB	6	2	33.333333333333336
Vegetable	traJ	6	1	16.666666666666668
Vegetable	traT	6	5	83.33333333333333
Vegetable	tsh	6	0	0
Vegetable	usp	6	1	16.666666666666668
Vegetable	vat	6	1	16.666666666666668
Vegetable	yehA	6	4	66.66666666666667
Vegetable	yehB	6	4	66.66666666666667
Vegetable	yehC	6	4	66.66666666666667
Vegetable	yehD	6	4	66.66666666666667
Vegetable	yfcV	6	1	16.666666666666668
Vegetable	yghJ	6	3	50
