Matched_REFSEQ	SEQID	Identifier_type	SRA_accession	Strain	Source1	Source2	Serotype	STX
2013-SEQ-0045	2013-SEQ-0045	pre-matched	SRR22858767	CFIAFB20130349	Nuts/Seeds	Nuts/Seeds	OUT:H18	Stx2a,Stx1a
2013-SEQ-0046	2013-SEQ-0046	pre-matched	SRR22858863	CFIAFB20130338	Nuts/Seeds	Nuts/Seeds	OUT:H18	Stx2a,Stx1a
2013-SEQ-0047	2013-SEQ-0047	pre-matched	SRR22858874	CFIAFB20130339	Nuts/Seeds	Nuts/Seeds	OUT:H18	Stx2a,Stx1a
2013-SEQ-0048	2013-SEQ-0048	pre-matched	SRR22858890	CFIAFB20130340	Nuts/Seeds	Nuts/Seeds	OUT:H18	Stx1a,Stx2a
2013-SEQ-0109	2013-SEQ-0109	pre-matched	SRR7629310	CFIAFB20120240	Meat	Meat	O157:H7	Stx2a
2013-SEQ-0110	2013-SEQ-0110	pre-matched	SRR7629295	CFIAFB20120241	Meat	Meat	O157:H7	Stx1a,Stx2a
2013-SEQ-0111	2013-SEQ-0111	pre-matched	SRR7629318	CFIAFB20130130	Meat	Meat	O157:H7	Stx2a
2014-SEQ-0093	2014-SEQ-0093	pre-matched	SRR22858879	CFIAFB20100227	Meat	Meat	O157:H7	Stx2a,Stx1a
2014-SEQ-0094	2014-SEQ-0094	pre-matched	SRR22858885	CFIAFB20100228	Meat	Meat	O157:H7	Stx2a,Stx1a
2014-SEQ-0095	2014-SEQ-0095	pre-matched	SRR22858886	CFIAFB20100229	Meat	Meat	O157:H7	Stx1a,Stx2a
2014-SEQ-0096	2014-SEQ-0096	pre-matched	SRR22858887	CFIAFB20100230	Meat	Meat	O157:H7	Stx1a,Stx2a
2014-SEQ-0148	2014-SEQ-0148	pre-matched	SRR7536943	CFIAFB20120182	Meat	Meat	O157:H7	Stx2a,Stx1a
2014-SEQ-0149	2014-SEQ-0149	pre-matched	SRR22858897	CFIAFB20120201	Meat	Meat	O157:H7	Stx2a
2014-SEQ-0179	2014-SEQ-0179	pre-matched	SRR7629283	CFIAFB20120186	Meat	Meat	O157:H7	Stx2a,Stx1a
2014-SEQ-0181	2014-SEQ-0181	pre-matched	SRR7629285	CFIAFB20120216	Meat	Meat	O157:H7	Stx1a,Stx2a
2014-SEQ-0182	2014-SEQ-0182	pre-matched	SRR7629287	CFIAFB20120244	Meat	Meat	O157:H7	Stx1a,Stx2a
2014-SEQ-0183	2014-SEQ-0183	pre-matched	SRR7629319	CFIAFB20120252	Meat	Meat	O157:H7	Stx1a,Stx2a
2014-SEQ-0184	2014-SEQ-0184	pre-matched	SRR7629327	CFIAFB20130141	Meat	Meat	O157:H7	Stx2a
2014-SEQ-0186	2014-SEQ-0186	pre-matched	SRR22858762	CFIAFB20130344	Meat	Meat	O157:H7	Stx1a,Stx2c
2014-SEQ-0245	2014-SEQ-0245	pre-matched	SRR22858813	CFIAFB20130343	Nuts/Seeds	Nuts/Seeds	O185:H7	Stx2c
2014-SEQ-0246	2014-SEQ-0246	pre-matched	SRR22858902	CFIAFB20130342	Nuts/Seeds	Nuts/Seeds	O185:H7	Stx2c
2014-SEQ-0252	2014-SEQ-0252	pre-matched	SRR7629317	CFIAFB20120192	Meat	Meat	O157:H7	Stx2a,Stx1a
2014-SEQ-0349	2014-SEQ-0349	pre-matched	SRR14750047	CFIAFB20140388	Vegetable	Vegetable	OUT:H23	Stx2j
2014-SEQ-0350	2014-SEQ-0350	pre-matched	SRR22858765	CFIAFB20130347	Meat	Meat	O113:H21	Stx2d
2014-SEQ-0351	2014-SEQ-0351	pre-matched	SRR22858766	CFIAFB20130348	Meat	Meat	O113:H21	Stx2d
2014-SEQ-0445	2014-SEQ-0445	pre-matched	SRR22858770	CFIAFB20140238	Meat	Meat	O157:H7	Stx2a,Stx1a
2014-SEQ-0446	2014-SEQ-0446	pre-matched	SRR22858776	CFIAFB20140243	Meat	Meat	O157:H7	Stx2c
2014-SEQ-0447	2014-SEQ-0447	pre-matched	SRR22858778	CFIAFB20140245	Meat	Meat	O157:H7	Stx2c
2014-SEQ-0448	2014-SEQ-0448	pre-matched	SRR22858780	CFIAFB20140247	Meat	Meat	O157:H7	Stx2c
2014-SEQ-0449	2014-SEQ-0449	pre-matched	SRR22858783	CFIAFB20140250	Meat	Meat	O157:H7	Stx2a,Stx1a
2014-SEQ-0450	2014-SEQ-0450	pre-matched	SRR22858784	CFIAFB20140251	Meat	Meat	O157:H7	Stx2c
2014-SEQ-0453	2014-SEQ-0453	pre-matched	SRR22858790	CFIAFB20140257	Environment	Environment	O157:H7	Stx2c
2014-SEQ-0455	2014-SEQ-0455	pre-matched	SRR22858794	CFIAFB20140260	Environment	Environment	O157:H7	Stx2c,Stx1a
2014-SEQ-0456	2014-SEQ-0456	pre-matched	SRR7629321	CFIAFB20130252	Dairy	Dairy	O157:H7	Stx1a,Stx2a
2014-SEQ-0457	2014-SEQ-0457	pre-matched	SRR7629286	CFIAFB20130254	Dairy	Dairy	O157:H7	Stx1a,Stx2a
2014-SEQ-0757	2014-SEQ-0757	pre-matched	SRR22858796	CFIAFB20140303	Vegetable	Vegetable	O146:H32	Stx2a
2014-SEQ-0758	2014-SEQ-0758	pre-matched	SRR22858797	CFIAFB20140304	Vegetable	Vegetable	O146:H32	Stx2a
2014-SEQ-1296	2014-SEQ-1296	pre-matched	SRR22858803	CFIAFB20150310	Nuts/Seeds	Nuts/Seeds	O159:H19	Stx2a
2014-SEQ-1297	2014-SEQ-1297	pre-matched	SRR22858805	CFIAFB20150311	Nuts/Seeds	Nuts/Seeds	O159:H19	Stx2a
2014-SEQ-1298	2014-SEQ-1298	pre-matched	SRR22858806	CFIAFB20150312	Nuts/Seeds	Nuts/Seeds	O159:H19	Stx2a
2014-SEQ-1300	2014-SEQ-1300	pre-matched	SRR22858807	CFIAFB20150314	Nuts/Seeds	Nuts/Seeds	O159:H19	Stx2a
2014-SEQ-1301	2014-SEQ-1301	pre-matched	SRR22858808	CFIAFB20150315	Nuts/Seeds	Nuts/Seeds	O159:H19	Stx2a
2014-SEQ-1302	2014-SEQ-1302	pre-matched	SRR22858857	CFIAFB20090190	Meat	Meat	O157:H7	Stx2a,Stx1a
2014-SEQ-1303	2014-SEQ-1303	pre-matched	SRR22858858	CFIAFB20090191	Meat	Meat	O157:H7	Stx2a,Stx1a
2014-SEQ-1304	2014-SEQ-1304	pre-matched	SRR22858859	CFIAFB20090193	Meat	Meat	O157:H7	Stx1a,Stx2a
2014-SEQ-1305	2014-SEQ-1305	pre-matched	SRR22858860	CFIAFB20090196	Meat	Meat	O157:H7	Stx2a
2014-SEQ-1306	2014-SEQ-1306	pre-matched	SRR22858861	CFIAFB20090198	Meat	Meat	O157:H7	Stx2a,Stx1a
2014-SEQ-1307	2014-SEQ-1307	pre-matched	SRR22858862	CFIAFB20090199	Meat	Meat	O157:H7	Stx2a,Stx1a
2014-SEQ-1308	2014-SEQ-1308	pre-matched	SRR22858864	CFIAFB20090201	Meat	Meat	O157:H7	Stx2a,Stx1a
2014-SEQ-1309	2014-SEQ-1309	pre-matched	SRR22858865	CFIAFB20090227	Meat	Meat	O157:H7	Stx2a
2014-SEQ-1312	2014-SEQ-1312	pre-matched	SRR22858867	CFIAFB20100182	Meat	Meat	O157:H7	Stx2a,Stx1a
2014-SEQ-1314	2014-SEQ-1314	pre-matched	SRR22858869	CFIAFB20100190	Meat	Meat	O157:H7	Stx2a,Stx1a
2014-SEQ-1315	2014-SEQ-1315	pre-matched	SRR22858870	CFIAFB20100193	Meat	Meat	O157:H7	Stx2a,Stx1a
2015-SEQ-0036	2015-SEQ-0036	pre-matched	SRR22858871	CFIAFB20100212	Meat	Meat	O157:H7	Stx2c
2015-SEQ-0037	2015-SEQ-0037	pre-matched	SRR22858872	CFIAFB20100213	Meat	Meat	O157:H7	Stx2c
2015-SEQ-0039	2015-SEQ-0039	pre-matched	SRR22858875	CFIAFB20100215	Meat	Meat	O157:H7	Stx2a,Stx1a
2015-SEQ-0040	2015-SEQ-0040	pre-matched	SRR22858888	CFIAFB20110113	Meat	Meat	O157:H7	Stx2c
2015-SEQ-0044	2015-SEQ-0044	pre-matched	SRR22858894	CFIAFB20120176	Meat	Meat	O157:H7	Stx1a,Stx2c
2015-SEQ-0046	2015-SEQ-0046	pre-matched	SRR22858896	CFIAFB20120199	Meat	Meat	O157:H7	Stx2c
2015-SEQ-0048	2015-SEQ-0048	pre-matched	SRR22858898	CFIAFB20120210	Meat	Meat	O157:H7	Stx2c
2015-SEQ-0049	2015-SEQ-0049	pre-matched	SRR22858899	CFIAFB20120211	Meat	Meat	O157:H7	Stx2c
2015-SEQ-0051	2015-SEQ-0051	pre-matched	SRR22858880	CFIAFB20120219	Meat	Meat	O157:H7	Stx2a,Stx1a
2015-SEQ-0056	2015-SEQ-0056	pre-matched	SRR7629323	CFIAFB20130259	Dairy	Dairy	O157:H7	Stx1a,Stx2a
2015-SEQ-0113	2015-SEQ-0113	pre-matched	SRR8448492	CFIAFB20150316	Meat	Meat	OUT:H26	Stx2e
2015-SEQ-0655	2015-SEQ-0655	pre-matched	SRR8448488	CFIAFB20150322	Meat	Meat	O121:H10	Stx2e
2015-SEQ-0656	2015-SEQ-0656	pre-matched	SRR22858809	CFIAFB20150324	Meat	Meat	O121:H10	Stx2e
2015-SEQ-0657	2015-SEQ-0657	pre-matched	SRR22858814	CFIAFB20150325	Meat	Meat	O121:H10	Stx2e
2015-SEQ-0658	2015-SEQ-0658	pre-matched	SRR8448484	CFIAFB20150326	Meat	Meat	O36:HUT	Stx2e
2015-SEQ-0659	2015-SEQ-0659	pre-matched	SRR8448493	CFIAFB20150327	Meat	Meat	OUT:H38	Stx2e
2015-SEQ-0725	2015-SEQ-0725	pre-matched	SRR8448485	CFIAFB20150328	Meat	Meat	O91:H14	Stx1a
2015-SEQ-0877	2015-SEQ-0877	pre-matched	SRR22858881	CFIAFB20130272	Meat	Meat	O157:H7	Stx2a,Stx1a
2015-SEQ-0878	2015-SEQ-0878	pre-matched	SRR22858883	CFIAFB20130273	Meat	Meat	O157:H7	Stx2c
2015-SEQ-0879	2015-SEQ-0879	pre-matched	SRR22858768	CFIAFB20140198	Meat	Meat	O157:H7	Stx2a,Stx1a
2015-SEQ-0886	2015-SEQ-0886	pre-matched	SRR22858815	CFIAFB20150336	Meat	Meat	O91:H14	Stx1a
2015-SEQ-0887	2015-SEQ-0887	pre-matched	SRR22858816	CFIAFB20150337	Meat	Meat	O91:H14	Stx1a
2015-SEQ-0888	2015-SEQ-0888	pre-matched	SRR8448482	CFIAFB20150335	Meat	Meat	O91:H14	Stx1a
2015-SEQ-0889	2015-SEQ-0889	pre-matched	SRR22858817	CFIAFB20150339	Meat	Meat	O91:H14	Stx1a
2015-SEQ-0890	2015-SEQ-0890	pre-matched	SRR22858818	CFIAFB20150340	Meat	Meat	O91:H14	Stx1a
2015-SEQ-0891	2015-SEQ-0891	pre-matched	SRR22858769	CFIAFB20140202	Meat	Meat	O157:H7	Stx2c
2015-SEQ-0964	2015-SEQ-0964	pre-matched	SRR22858799	CFIAFB20150226	Meat	Meat	O157:H7	Stx2a,Stx1a
2015-SEQ-1027	2015-SEQ-1027	pre-matched	SRR22858800	CFIAFB20150236	Meat	Meat	O157:H7	Stx2c
2015-SEQ-1048	2015-SEQ-1048	pre-matched	SRR22858801	CFIAFB20150247	Meat	Meat	O157:H7	Stx2a,Stx1a
2015-SEQ-1131	2015-SEQ-1131	pre-matched	SRR22858802	CFIAFB20150253	Vegetable	Vegetable	O157:H7	Stx2a,Stx1a
2015-SEQ-1141	2015-SEQ-1141	pre-matched	SRR8448483	CFIAFB20150349	Meat	Meat	O163:H19	Stx1a
2015-SEQ-1142	2015-SEQ-1142	pre-matched	SRR8448481	CFIAFB20150351	Meat	Meat	O86:H32	Stx2e
2015-SEQ-1454	2015-SEQ-1454	pre-matched	SRR22858820	CFIAFB20150357	Meat	Meat	O132:H18	Stx2a
2015-SEQ-1455	2015-SEQ-1455	pre-matched	SRR8448489	CFIAFB20150356	Meat	Meat	O132:H18	Stx2a
2015-SEQ-1456	2015-SEQ-1456	pre-matched	SRR22858821	CFIAFB20150359	Meat	Meat	O132:H18	Stx2a
2015-SEQ-1555	2015-SEQ-1555	pre-matched	SRR8448486	CFIAFB20160248	Meat	Meat	O91:H14	Stx1a
2015-SEQ-1635	2015-SEQ-1635	pre-matched	SRR22858823	CFIAFB20160170	Meat	Meat	O157:H7	Stx1a,Stx2a
2015-SEQ-1636	2015-SEQ-1636	pre-matched	SRR22858825	CFIAFB20160172	Meat	Meat	O157:H7	Stx2a,Stx1a
2015-SEQ-1638	2015-SEQ-1638	pre-matched	SRR22858826	CFIAFB20160174	Meat	Meat	O157:H7	Stx1a,Stx2a
2015-SEQ-1639	2015-SEQ-1639	pre-matched	SRR22858827	CFIAFB20160175	Meat	Meat	O157:H7	Stx1a,Stx2a
2015-SEQ-1640	2015-SEQ-1640	pre-matched	SRR22858828	CFIAFB20160176	Meat	Meat	O157:H7	Stx2a,Stx1a
2015-SEQ-1643	2015-SEQ-1643	pre-matched	SRR22858811	CFIAFB20160179	Meat	Meat	O157:H7	Stx1a,Stx2a
2015-SEQ-1849	2015-SEQ-1849	pre-matched	SRR22858812	CFIAFB20160185	Meat	Meat	O157:H7	Stx1a,Stx2a
2015-SEQ-1850	2015-SEQ-1850	pre-matched	SRR22858771	CFIAFB20160186	Meat	Meat	O157:H7	Stx2a,Stx1a
2015-SEQ-1868	2015-SEQ-1868	pre-matched	SRR22858782	CFIAFB20160187	Meat	Meat	O157:H7	Stx2a
2016-BUR-0134	2016-BUR-0134	pre-matched	SRR22858882	CFIAFB20000006	Meat	Meat	O157:H7	Stx2a,Stx1a
2016-BUR-0136	2016-BUR-0136	pre-matched	SRR22858836	CFIAFB20020028	Meat	Meat	O157:H7	Stx2a,Stx1a
2016-BUR-0137	2016-BUR-0137	pre-matched	SRR22858884	CFIAFB20000007	Meat	Meat	O157:H7	Stx2a,Stx1a
2016-BUR-0138	2016-BUR-0138	pre-matched	SRR22858832	CFIAFB20000008	Other	Other	O157:H7	Stx2a,Stx1a
2016-BUR-0140	2016-BUR-0140	pre-matched	SRR22858853	CFIAFB20080071	Meat	Meat	O157:H7	Stx2a,Stx1a
2016-BUR-0141	2016-BUR-0141	pre-matched	SRR22858854	CFIAFB20080072	Meat	Meat	O157:H7	Stx2a,Stx1a
2016-SEQ-0016	2016-SEQ-0016	pre-matched	SRR22858831	CFIAFB20160262	Meat	Meat	O115:H10	Stx1a
2016-SEQ-0053	2016-SEQ-0053	pre-matched	SRR22715108	CFIAFB20160269	Meat	Meat	O87:H16	Stx2b
2016-SEQ-0054	2016-SEQ-0054	pre-matched	SRR18215052	CFIAFB20160268	Meat	Meat	O176:H4	Stx1c
2016-SEQ-0055	2016-SEQ-0055	pre-matched	SRR22715083	CFIAFB20160267	Meat	Meat	O113:H21	Stx2d
2016-SEQ-0057	2016-SEQ-0057	pre-matched	SRR22715082	CFIAFB20160270	Meat	Meat	O113:H21	Stx2d
2016-SEQ-0118	2016-SEQ-0118	pre-matched	SRR22715063	CFIAFB20160277	Meat	Meat	O113:H4	Stx2d
2016-SEQ-0129	2016-SEQ-0129	pre-matched	SRR22858793	CFIAFB20160190	Meat	Meat	O157:H7	Stx2c
2016-SEQ-0130	2016-SEQ-0130	pre-matched	SRR22858804	CFIAFB20160191	Meat	Meat	O157:H7	Stx2c
2016-SEQ-0243	2016-SEQ-0243	pre-matched	SRR22858727	CFIAFB20160280	Nuts/Seeds	Nuts/Seeds	O132:H18	Stx2a
2016-SEQ-0250	2016-SEQ-0250	pre-matched	SRR18215057	CFIAFB20080069	Meat	Meat	O157:H7	Stx2a,Stx1a
2016-SEQ-0251	2016-SEQ-0251	pre-matched	SRR22858851	CFIAFB20080070	Meat	Meat	O157:H7	Stx2c
2016-SEQ-0252	2016-SEQ-0252	pre-matched	SRR14750046	CFIAFB20120266	Vegetable	Vegetable	O177:NM	Stx2h
2016-SEQ-0254	2016-SEQ-0254	pre-matched	SRR22858852	CFIAFB20130337	Nuts/Seeds	Nuts/Seeds	O174:H21	Stx2c
2016-SEQ-0255	2016-SEQ-0255	pre-matched	SRR22858841	CFIAFB20130336	Nuts/Seeds	Nuts/Seeds	O168:H8	Stx2a
2016-SEQ-0354	2016-SEQ-0354	pre-matched	SRR18215056	CFIAFB20160289	Meat	Meat	O178:H19	Stx2a,Stx1a
2016-SEQ-0355	2016-SEQ-0355	pre-matched	SRR22715047	CFIAFB20160290	Meat	Meat	O178:H19	Stx2a,Stx1a
2016-SEQ-0396	2016-SEQ-0396	pre-matched	SRR7629315	CFIAFB20120177	Meat	Meat	O157:H7	Stx2a,Stx1a
2016-SEQ-0420	2016-SEQ-0420	pre-matched	SRR22715064	CFIAFB20160291	Nuts/Seeds	Nuts/Seeds	O142:H38	Stx1d
2016-SEQ-0836	2016-SEQ-0836	pre-matched	SRR22715118	CFIAFB20160152	Meat	Meat	O157:H7	Stx2c
2016-SEQ-1059	2016-SEQ-1059	pre-matched	SRR22858901	CFIAFB20130341	Nuts/Seeds	Nuts/Seeds	O168:H8	Stx2a
2016-SEQ-1089	2016-SEQ-1089	pre-matched	SRR22715076	CFIAFB20170241	Meat	Meat	O109:H5	Stx1a
2016-SEQ-1338	2016-SEQ-1338	pre-matched	SRR22715110	CFIAFB20170256	Meat	Meat	O8:H2	Stx2b
2016-SEQ-1339	2016-SEQ-1339	pre-matched	SRR22715112	CFIAFB20170257	Meat	Meat	O8:H2	Stx2b
2016-SEQ-1340	2016-SEQ-1340	pre-matched	SRR22715111	CFIAFB20170258	Meat	Meat	O8:H2	Stx2b
2016-SEQ-1341	2016-SEQ-1341	pre-matched	SRR22715109	CFIAFB20170259	Meat	Meat	O8:H2	Stx2b
2016-SEQ-1342	2016-SEQ-1342	pre-matched	SRR22858697	CFIAFB20170260	Meat	Meat	O8:H2	Stx2b
2016-SEQ-1356	2016-SEQ-1356	pre-matched	SRR7890019	CFIAFB20170134	Flour	Flour	O8:H28	Stx2a
2016-SEQ-1373	2016-SEQ-1373	pre-matched	SRR7435871	CFIAFB20170128	Flour	Flour	O121:H19	Stx2a
2017-BUR-0001	2017-BUR-0001	pre-matched	SRR7435865	CFIAFB20170177	Flour	Flour	O8:H28	Stx2a
2017-BUR-0049	2017-BUR-0049	pre-matched	SRR7435873	CFIAFB20170191	Flour	Flour	O159:H19	Stx2a
2017-BUR-0060	2017-BUR-0060	pre-matched	SRR22858703	CFIAFB20170339	Meat	Meat	O171:H2	Stx2a
2017-BUR-0073	2017-BUR-0073	pre-matched	SRR7435869	CFIAFB20170184	Flour	Flour	O121:H19	Stx2a
2017-BUR-0074	2017-BUR-0074	pre-matched	SRR22858693	CFIAFB20170185	Flour	Flour	O121:H19	Stx2a
2017-BUR-0075	2017-BUR-0075	pre-matched	SRR22858694	CFIAFB20170186	Flour	Flour	O121:H19	Stx2a
2017-BUR-0077	2017-BUR-0077	pre-matched	SRR22858695	CFIAFB20170188	Flour	Flour	O121:H19	Stx2a
2017-CAL-0117	2017-CAL-0117	pre-matched	SRR22858842	CFIAFB20040036	Meat	Meat	O157:H7	Stx1a
2017-CAL-0118	2017-CAL-0118	pre-matched	SRR22858840	CFIAFB20040035	Meat	Meat	O157:H7	Stx2a,Stx1a
2017-CAL-0119	2017-CAL-0119	pre-matched	SRR22858838	CFIAFB20040033	Meat	Meat	O157:H7	Stx2a
2017-CAL-0120	2017-CAL-0120	pre-matched	SRR22858837	CFIAFB20040032	Meat	Meat	O157:H7	Stx2c
2017-CAL-0121	2017-CAL-0121	pre-matched	SRR22858839	CFIAFB20040034	Meat	Meat	O157:H7	Stx2a,Stx1a
2017-CAL-0123	2017-CAL-0123	pre-matched	SRR22858843	CFIAFB20050045	Meat	Meat	O157:H7	Stx2a,Stx1a
2017-CAL-0125	2017-CAL-0125	pre-matched	SRR22858844	CFIAFB20070057	Meat	Meat	O157:H7	Stx2a
2017-CAL-0126	2017-CAL-0126	pre-matched	SRR22858845	CFIAFB20070058	Meat	Meat	O157:H7	Stx2a
2017-CAL-0127	2017-CAL-0127	pre-matched	SRR22858846	CFIAFB20070059	Meat	Meat	O157:H7	Stx2a,Stx1a
2017-CAL-0128	2017-CAL-0128	pre-matched	SRR22858847	CFIAFB20070060	Meat	Meat	O157:H7	Stx2a,Stx1a
2017-CAL-0226	2017-CAL-0226	pre-matched	SRR22858848	CFIAFB20070062	Meat	Meat	O157:H7	Stx1a,Stx2c
2017-CAL-0227	2017-CAL-0227	pre-matched	SRR22858849	CFIAFB20070063	Meat	Meat	O157:H7	Stx2a,Stx1a
2017-CAL-0229	2017-CAL-0229	pre-matched	SRR22858850	CFIAFB20070064	Meat	Meat	O157:H7	Stx2a,Stx1a
2017-CAL-0230	2017-CAL-0230	pre-matched	SRR22858855	CFIAFB20080073	Meat	Meat	O157:H7	Stx2a,Stx1a
2017-CAL-0231	2017-CAL-0231	pre-matched	SRR22858856	CFIAFB20080074	Meat	Meat	O157:H7	Stx1a,Stx2a
2017-CAL-0262	2017-CAL-0262	pre-matched	SRR7435861	CFIAFB20170169	Flour	Flour	O121:H19	Stx2a
2017-CAL-0287	2017-CAL-0287	pre-matched	SRR7435875	CFIAFB20170348	Flour	Flour	O8:H28	Stx2a
2017-CAL-0335	2017-CAL-0335	pre-matched	SRR7435870	CFIAFB20170179	Flour	Flour	O88:H25	Stx2a,Stx1a
2017-CAL-0427	2017-CAL-0427	pre-matched	SRR22858717	CFIAFB20180572	Meat	Meat	O76:H19	Stx1c
2017-DAR-0087	2017-DAR-0087	pre-matched	SRR22858704	CFIAFB20170345	Meat	Meat	O91:H14	Stx2b,Stx1a
2017-DAR-0088	2017-DAR-0088	pre-matched	SRR22858705	CFIAFB20170347	Meat	Meat	O76:H19	Stx1c
2017-GTA-0025	2017-GTA-0025	pre-matched	SRR7435876	CFIAFB20170178	Flour	Flour	O8:H28	Stx2a
2017-GTA-0042	2017-GTA-0042	pre-matched	SRR7435864	CFIAFB20170343	Flour	Flour	O187:H52	Stx1c
2017-GTA-0058	2017-GTA-0058	pre-matched	SRR22715070	CFIAFB20170170	Meat	Meat	O157:H7	Stx2c,Stx1a
2017-GTA-0059	2017-GTA-0059	pre-matched	SRR22715069	CFIAFB20170171	Meat	Meat	O157:H7	Stx1a,Stx2c
2017-GTA-0109	2017-GTA-0109	pre-matched	SRR22858692	CFIAFB20170180	Meat	Meat	O157:H7	Stx2c,Stx1a
2017-GTA-0110	2017-GTA-0110	pre-matched	SRR22715055	CFIAFB20170181	Meat	Meat	O157:H7	Stx2c,Stx1a
2017-GTA-0164	2017-GTA-0164	pre-matched	SRR22858876	CFIAFB20100224	Meat	Meat	O157:H7	Stx1a,Stx2a
2017-GTA-0165	2017-GTA-0165	pre-matched	SRR22858877	CFIAFB20100225	Meat	Meat	O157:H7	Stx1a,Stx2a
2017-GTA-0166	2017-GTA-0166	pre-matched	SRR22858878	CFIAFB20100226	Meat	Meat	O157:H7	Stx2a,Stx1a
2017-GTA-0167	2017-GTA-0167	pre-matched	SRR22858893	CFIAFB20110144	Nuts/Seeds	Nuts/Seeds	O157:H7	Stx2a
2017-GTA-0244	2017-GTA-0244	pre-matched	SRR22858718	CFIAFB20180574	Meat	Meat	O78:H16	Stx1a
2017-GTA-0247	2017-GTA-0247	pre-matched	SRR22858719	CFIAFB20180575	Meat	Meat	O174:H21	Stx2c
2017-GTA-0248	2017-GTA-0248	pre-matched	SRR22858720	CFIAFB20180576	Meat	Meat	O174:H21	Stx2c
2017-GTA-0249	2017-GTA-0249	pre-matched	SRR22858721	CFIAFB20180577	Meat	Meat	O174:H21	Stx2c
2017-GTA-0253	2017-GTA-0253	pre-matched	SRR22715125	CFIAFB20180223	Meat	Meat	O157:H7	Stx2a,Stx1a
2017-HCLON-0011	2017-HCLON-0011	pre-matched	SRR22858824	CFIAFB20160171	Meat	Meat	O157:H7	Stx1a,Stx2a
2017-HCLON-0013	2017-HCLON-0013	pre-matched	SRR22715117	CFIAFB20160139	Meat	Meat	O185:H7	Stx2c
2017-MER-0036	2017-MER-0036	pre-matched	SRR14750051	CFIAFB20160173	Meat	Meat	O157:H7	Stx1a,Stx2a
2017-MER-0037	2017-MER-0037	pre-matched	SRR22858829	CFIAFB20160177	Meat	Meat	O157:H7	Stx1a,Stx2a
2017-MER-0049	2017-MER-0049	pre-matched	SRR22715051	CFIAFB20160142	Meat	Meat	O157:H7	Stx2a,Stx1a
2017-MER-0052	2017-MER-0052	pre-matched	SRR22715067	CFIAFB20170176	Meat	Meat	O157:H7	Stx2a
2017-MER-0170	2017-MER-0170	pre-matched	SRR22715060	CFIAFB20170287	Meat	Meat	O113:H21	Stx2d
2017-MER-0171	2017-MER-0171	pre-matched	SRR7435872	CFIAFB20170269	Flour	Flour	O8:H28	Stx2a
2017-MER-0172	2017-MER-0172	pre-matched	SRR8448487	CFIAFB20160250	Meat	Meat	O163:H19	Stx1a
2017-MER-0173	2017-MER-0173	pre-matched	SRR8448491	CFIAFB20150352	Meat	Meat	O91:H14	Stx1a
2017-MER-0187	2017-MER-0187	pre-matched	SRR22858764	CFIAFB20130346	Meat	Meat	O157:H7	Stx2c
2017-MER-0214	2017-MER-0214	pre-matched	SRR22715088	CFIAFB20170162	Meat	Meat	O157:H7	Stx2c,Stx1a
2017-MER-0215	2017-MER-0215	pre-matched	SRR22715087	CFIAFB20170163	Meat	Meat	O157:H7	Stx2c,Stx1a
2017-MER-0216	2017-MER-0216	pre-matched	SRR22858728	CFIAFB20170164	Meat	Meat	O157:H7	Stx2c,Stx1a
2017-MER-0217	2017-MER-0217	pre-matched	SRR22858729	CFIAFB20170165	Meat	Meat	O157:H7	Stx1a,Stx2c
2017-MER-0250	2017-MER-0250	pre-matched	SRR22715089	CFIAFB20170154	Meat	Meat	O157:H7	Stx2a
2017-MER-0306	2017-MER-0306	pre-matched	SRR22858868	CFIAFB20100189	Meat	Meat	O157:H7	Stx1a,Stx2a
2017-MER-0335	2017-MER-0335	pre-matched	SRR22858819	CFIAFB20160192	Meat	Meat	O157:H7	Stx2a,Stx1a
2017-MER-0336	2017-MER-0336	pre-matched	SRR22858830	CFIAFB20160193	Meat	Meat	O157:H7	Stx1a,Stx2a
2017-MER-0377	2017-MER-0377	pre-matched	SRR22858891	CFIAFB20110141	Meat	Meat	O157:H7	Stx2a
2017-MER-0388	2017-MER-0388	pre-matched	SRR22715043	CFIAFB20170307	Meat	Meat	O128:H2	Stx2b,Stx1c
2017-MER-0403	2017-MER-0403	pre-matched	SRR22858822	CFIAFB20160155	Meat	Meat	O157:H7	Stx2a,Stx1a
2017-MER-0414	2017-MER-0414	pre-matched	SRR8448490	CFIAFB20150153	Meat	Meat	O157:H7	Stx2a
2017-MER-0420	2017-MER-0420	pre-matched	SRR22715079	CFIAFB20170330	Meat	Meat	O91:H14	Stx1a
2017-MER-0516	2017-MER-0516	pre-matched	SRR7629316	CFIAFB20130253	Dairy	Dairy	O157:H7	Stx1a,Stx2a
2017-MER-0517	2017-MER-0517	pre-matched	SRR7629290	CFIAFB20130257	Dairy	Dairy	O157:H7	Stx1a,Stx2a
2017-MER-0518	2017-MER-0518	pre-matched	SRR7629328	CFIAFB20130258	Dairy	Dairy	O157:H7	Stx1a,Stx2a
2017-MER-0519	2017-MER-0519	pre-matched	SRR7629288	CFIAFB20130260	Dairy	Dairy	O157:H7	Stx2a,Stx1a
2017-MER-0520	2017-MER-0520	pre-matched	SRR7629292	CFIAFB20130261	Dairy	Dairy	O157:H7	Stx1a,Stx2a
2017-MER-0539	2017-MER-0539	pre-matched	SRR22858873	CFIAFB20100214	Meat	Meat	O157:H7	Stx2a,Stx1a
2017-MER-0542	2017-MER-0542	pre-matched	SRR22858889	CFIAFB20110122	Meat	Meat	O157:H7	Stx2c
2017-MER-0543	2017-MER-0543	pre-matched	SRR22858900	CFIAFB20120213	Vegetable	Vegetable	O157:H7	Stx1a,Stx2a
2017-NML-0030	2017-NML-0030	pre-matched	SRR22858772	CFIAFB20140239	Meat	Meat	O157:H7	Stx2a,Stx1a
2017-NML-0031	2017-NML-0031	pre-matched	SRR22858773	CFIAFB20140240	Meat	Meat	O157:H7	Stx2a,Stx1a
2017-NML-0032	2017-NML-0032	pre-matched	SRR22858774	CFIAFB20140241	Meat	Meat	O157:H7	Stx2a,Stx1a
2017-NML-0033	2017-NML-0033	pre-matched	SRR22858775	CFIAFB20140242	Meat	Meat	O157:H7	Stx2a,Stx1a
2017-NML-0035	2017-NML-0035	pre-matched	SRR22858777	CFIAFB20140244	Meat	Meat	O157:H7	Stx2c
2017-NML-0037	2017-NML-0037	pre-matched	SRR22858779	CFIAFB20140246	Meat	Meat	O157:H7	Stx2c
2017-NML-0039	2017-NML-0039	pre-matched	SRR22858781	CFIAFB20140248	Meat	Meat	O157:H7	Stx2c
2017-NML-0043	2017-NML-0043	pre-matched	SRR22858785	CFIAFB20140252	Meat	Meat	O157:H7	Stx2c
2017-NML-0045	2017-NML-0045	pre-matched	SRR22858787	CFIAFB20140254	Environment	Environment	O157:H7	Stx2c
2017-NML-0046	2017-NML-0046	pre-matched	SRR22858788	CFIAFB20140255	Environment	Environment	O157:H7	Stx2a,Stx1a
2017-NML-0047	2017-NML-0047	pre-matched	SRR22858789	CFIAFB20140256	Environment	Environment	O157:H7	Stx2a,Stx1a
2017-NML-0050	2017-NML-0050	pre-matched	SRR22858792	CFIAFB20140259	Environment	Environment	O157:H7	Stx2c
2017-NML-0052	2017-NML-0052	pre-matched	SRR22858795	CFIAFB20140261	Environment	Environment	O157:H7	Stx2c
2017-PAC-0024	2017-PAC-0024	pre-matched	SRR22858791	CFIAFB20140258	Environment	Environment	O157:H7	Stx2c
2017-SEQ-0032	2017-SEQ-0032	pre-matched	SRR7435863	CFIAFB20170153	Flour	Flour	O121:H19	Stx2a
2017-SEQ-0041	2017-SEQ-0041	pre-matched	SRR7435862	CFIAFB20170155	Flour	Flour	O121:H19	Stx2a
2017-SEQ-0050	2017-SEQ-0050	pre-matched	SRR7435866	CFIAFB20170158	Flour	Flour	O8:H28	Stx2a
2017-SEQ-0059	2017-SEQ-0059	pre-matched	SRR7435867	CFIAFB20170346	Flour	Flour	O8:H28	Stx2a
2017-SEQ-0069	2017-SEQ-0069	pre-matched	SRR7435874	CFIAFB20170175	Flour	Flour	O8:H28	Stx2a
2017-SEQ-0083	2017-SEQ-0083	pre-matched	SRR22715062	CFIAFB20170266	Meat	Meat	O55:H12	Stx1a
2017-SEQ-0084	2017-SEQ-0084	pre-matched	SRR22858698	CFIAFB20170267	Meat	Meat	O116:H16	Stx2g
2017-SEQ-0168	2017-SEQ-0168	pre-matched	SRR7435868	CFIAFB20170161	Flour	Flour	O121:H19	Stx2a
2017-SEQ-0209	2017-SEQ-0209	pre-matched	SRR22715059	CFIAFB20170336	Meat	Meat	OUT:H29	Stx2d
2017-SEQ-0210	2017-SEQ-0210	pre-matched	SRR22715048	CFIAFB20170337	Meat	Meat	OUT:H29	Stx2d
2017-SEQ-0212	2017-SEQ-0212	pre-matched	SRR18215055	CFIAFB20170338	Meat	Meat	O118:H2	Stx1a
2017-SEQ-0277	2017-SEQ-0277	pre-matched	SRR18215054	CFIAFB20170270	Meat	Meat	O55:H12	Stx1a
2017-SEQ-0383	2017-SEQ-0383	pre-matched	SRR22858700	CFIAFB20170276	Meat	Meat	O55:H12	Stx1a
2017-SEQ-0384	2017-SEQ-0384	pre-matched	SRR22715053	CFIAFB20170274	Meat	Meat	O55:H12	Stx1a
2017-SEQ-0385	2017-SEQ-0385	pre-matched	SRR22715103	CFIAFB20170275	Meat	Meat	O55:H12	Stx1a
2017-SEQ-0386	2017-SEQ-0386	pre-matched	SRR22715106	CFIAFB20170277	Nuts/Seeds	Nuts/Seeds	O8:H19	Stx2a
2017-SEQ-0388	2017-SEQ-0388	pre-matched	SRR22715044	CFIAFB20170279	Meat	Meat	OUT:H20	Stx2a,Stx1a
2017-SEQ-0389	2017-SEQ-0389	pre-matched	SRR22715105	CFIAFB20170280	Meat	Meat	O78:H16	Stx1a
2017-SEQ-0456	2017-SEQ-0456	pre-matched	SRR22858696	CFIAFB20170192	Flour	Flour	O121:H19	Stx2a
2017-SEQ-0458	2017-SEQ-0458	pre-matched	SRR22715113	CFIAFB20170286	Meat	Meat	O91:H21	Stx1a,Stx2a
2017-SEQ-0460	2017-SEQ-0460	pre-matched	SRR22715107	CFIAFB20170288	Meat	Meat	O91:H21	Stx2a,Stx1a
2017-SEQ-0521	2017-SEQ-0521	pre-matched	SRR22715086	CFIAFB20170195	Meat	Meat	O157:H7	ND
2017-SEQ-0522	2017-SEQ-0522	pre-matched	SRR22715085	CFIAFB20170196	Meat	Meat	O157:H7	ND
2017-SEQ-0617	2017-SEQ-0617	pre-matched	SRR22715077	CFIAFB20170293	Meat	Meat	O171:H2	Stx2d
2017-SEQ-0618	2017-SEQ-0618	pre-matched	SRR22715061	CFIAFB20170294	Meat	Meat	O113:H4	Stx2d,Stx1a
2017-SEQ-0657	2017-SEQ-0657	pre-matched	SRR22858701	CFIAFB20170296	Meat	Meat	O113:H21	Stx2a
2017-SEQ-0694	2017-SEQ-0694	pre-matched	SRR22715065	CFIAFB20170299	Meat	Meat	OUT:H11	Stx2a
2017-SEQ-0695	2017-SEQ-0695	pre-matched	SRR22715066	CFIAFB20170300	Meat	Meat	OUT:H11	Stx2a
2017-SEQ-0730	2017-SEQ-0730	pre-matched	SRR22858702	CFIAFB20170306	Meat	Meat	O5:H19	Stx2b,Stx1c
2017-SEQ-0908	2017-SEQ-0908	pre-matched	SRR22715084	CFIAFB20170314	Meat	Meat	O113:H21	Stx2d
2017-SEQ-0911	2017-SEQ-0911	pre-matched	SRR22715080	CFIAFB20170317	Meat	Meat	O55:H12	Stx1a
2017-SEQ-1066	2017-SEQ-1066	pre-matched	SRR22715072	CFIAFB20170310	Meat	Meat	O109:H5	Stx1a
2017-SEQ-1600	2017-SEQ-1600	pre-matched	SRR22715073	CFIAFB20180432	Meat	Meat	O185:H7	Stx2c
2017-SEQ-1601	2017-SEQ-1601	pre-matched	SRR22715075	CFIAFB20180433	Meat	Meat	O185:H7	Stx2c
2017-SEQ-1617	2017-SEQ-1617	pre-matched	SRR22715071	CFIAFB20170303	Meat	Meat	O76:H19	Stx1c
2017-SEQ-1652	2017-SEQ-1652	pre-matched	SRR22715052	CFIAFB20180434	Meat	Meat	O91:H14	Stx2b,Stx1a
2017-SEQ-1688	2017-SEQ-1688	pre-matched	SRR22858722	CFIAFB20180578	Dairy	Dairy	O17/O77:H18	Stx2d
2017-SEQ-1689	2017-SEQ-1689	pre-matched	SRR22858723	CFIAFB20180579	Dairy	Dairy	O17/O77:H18	Stx2d
2017-SEQ-1690	2017-SEQ-1690	pre-matched	SRR22858746	CFIAFB20180580	Dairy	Dairy	O17/O77:H18	Stx2d
2017-SEQ-1696	2017-SEQ-1696	pre-matched	SRR22715116	CFIAFB20180221	Meat	Meat	O91:H14	Stx2b,Stx1a
2017-SEQ-1697	2017-SEQ-1697	pre-matched	SRR22715114	CFIAFB20180222	Meat	Meat	O91:H14	Stx2b,Stx1a
2017-SEQ-1842	2017-SEQ-1842	pre-matched	SRR22715124	CFIAFB20180236	Meat	Meat	O116:H16	Stx2a
2017-SEQ-1843	2017-SEQ-1843	pre-matched	SRR22715123	CFIAFB20180237	Meat	Meat	O157:H7	Stx2a,Stx1a
2017-SEQ-1844	2017-SEQ-1844	pre-matched	SRR22715121	CFIAFB20180238	Meat	Meat	O157:H7	Stx2a,Stx1a
2018-BUR-0050	2018-BUR-0050	pre-matched	SRR28490841	CFIAFB20190220	Meat	Meat	O76:H19	Stx1c
2018-BUR-0121	2018-BUR-0121	pre-matched	SRR28490883	CFIAFB20190221	Meat	Meat	O128:H2	Stx2b,Stx1c
2018-BUR-0122	2018-BUR-0122	pre-matched	SRR28490861	CFIAFB20190222	Meat	Meat	O113:H4	Stx2d,Stx1a
2018-GTA-0012	2018-GTA-0012	pre-matched	SRR22715068	CFIAFB20180272	Meat	Meat	O103:H25	Stx1a
2018-GTA-0049	2018-GTA-0049	pre-matched	SRR22858751	CFIAFB20180584	Meat	Meat	O146:H8	Stx1c
2018-GTA-0051	2018-GTA-0051	pre-matched	SRR22858752	CFIAFB20180585	Meat	Meat	O146:H8	Stx1c
2018-GTA-0101	2018-GTA-0101	pre-matched	SRR22858754	CFIAFB20180588	Meat	Meat	O128:H2	Stx2b,Stx1c
2018-GTA-0107	2018-GTA-0107	pre-matched	SRR12041535	CFIAFB20180619	Flour	Flour	O8:H19	Stx2a
2018-GTA-0110	2018-GTA-0110	pre-matched	SRR22858750	CFIAFB20180583	Meat	Meat	O146:H8	Stx1c
2018-GTA-0113	2018-GTA-0113	pre-matched	SRR22858753	CFIAFB20180587	Meat	Meat	O123/O186:H10	Stx2b,Stx1c
2018-GTA-0114	2018-GTA-0114	pre-matched	SRR22858755	CFIAFB20180589	Meat	Meat	O75:H8	Stx2b,Stx1c
2018-GTA-0121	2018-GTA-0121	pre-matched	SRR12041534	CFIAFB20180620	Flour	Flour	O159:H19	Stx2a
2018-GTA-0123	2018-GTA-0123	pre-matched	SRR22858756	CFIAFB20180593	Meat	Meat	O178:H7	Stx1c
2018-GTA-0124	2018-GTA-0124	pre-matched	SRR22858757	CFIAFB20180594	Meat	Meat	O178:H7	Stx1c
2018-GTA-0125	2018-GTA-0125	pre-matched	SRR22858758	CFIAFB20180595	Meat	Meat	O178:H7	Stx1c
2018-GTA-0126	2018-GTA-0126	pre-matched	SRR22858759	CFIAFB20180596	Meat	Meat	O178:H7	Stx1c
2018-GTA-0150	2018-GTA-0150	pre-matched	SRR12041533	CFIAFB20180622	Flour	Flour	OUT:H2	Stx2c
2018-GTA-0200	2018-GTA-0200	pre-matched	SRR12041532	CFIAFB20180623	Flour	Flour	OUT:H19	Stx2a
2018-MER-0007	2018-MER-0007	pre-matched	SRR22858786	CFIAFB20140253	Environment	Environment	O157:H7	Stx2c
2018-MER-0070	2018-MER-0070	pre-matched	SRR22715099	CFIAFB20180251	Meat	Meat	O103:H2	Stx1a
2018-MER-0083	2018-MER-0083	pre-matched	SRR22715134	CFIAFB20180384	Flour	Flour	O103:H25	Stx1a
2018-MER-0084	2018-MER-0084	pre-matched	SRR22858735	CFIAFB20180385	Flour	Flour	O103:H25	Stx1a
2018-MER-0085	2018-MER-0085	pre-matched	SRR22715133	CFIAFB20180386	Flour	Flour	O103:H25	Stx1a
2018-MER-0108	2018-MER-0108	pre-matched	SRR22858713	CFIAFB20180560	Meat	Meat	OUT:H29	Stx2c
2018-SEQ-0096	2018-SEQ-0096	pre-matched	SRR22715057	CFIAFB20180275	Meat	Meat	O157:H7	Stx2a
2018-SEQ-0097	2018-SEQ-0097	pre-matched	SRR22715078	CFIAFB20180276	Meat	Meat	O157:H7	Stx2a
2018-SEQ-0225	2018-SEQ-0225	pre-matched	SRR22715115	CFIAFB20180277	Meat	Meat	O157:H7	Stx2a
2018-SEQ-0226	2018-SEQ-0226	pre-matched	SRR22715104	CFIAFB20180278	Meat	Meat	O157:H7	Stx2a
2018-SEQ-0227	2018-SEQ-0227	pre-matched	SRR22715045	CFIAFB20180279	Meat	Meat	O157:H7	Stx2a
2018-SEQ-0228	2018-SEQ-0228	pre-matched	SRR22715132	CFIAFB20180280	Meat	Meat	O157:H7	Stx2a
2018-SEQ-0229	2018-SEQ-0229	pre-matched	SRR22715131	CFIAFB20180281	Meat	Meat	O157:H7	Stx2a
2018-SEQ-0230	2018-SEQ-0230	pre-matched	SRR22715130	CFIAFB20180282	Meat	Meat	O157:H7	Stx2a
2018-SEQ-0231	2018-SEQ-0231	pre-matched	SRR22715129	CFIAFB20180283	Meat	Meat	O157:H7	Stx2a
2018-SEQ-0232	2018-SEQ-0232	pre-matched	SRR22715128	CFIAFB20180284	Meat	Meat	O157:H7	Stx2a
2018-SEQ-0233	2018-SEQ-0233	pre-matched	SRR22715058	CFIAFB20180285	Meat	Meat	O157:H7	Stx2a
2018-SEQ-0240	2018-SEQ-0240	pre-matched	SRR22858748	CFIAFB20180582	Meat	Meat	O108:H21	Stx1c
2018-SEQ-0241	2018-SEQ-0241	pre-matched	SRR22858761	CFIAFB20180606	Meat	Meat	O108:H21	Stx1c
2018-SEQ-0293	2018-SEQ-0293	pre-matched	SRR22858738	CFIAFB20180485	Meat	Lamb	O128:H2	Stx2b,Stx1c
2018-SEQ-0340	2018-SEQ-0340	pre-matched	SRR22715046	CFIAFB20180484	Meat	Meat	OUT:H10	Stx2d
2018-SEQ-0371	2018-SEQ-0371	pre-matched	SRR22715127	CFIAFB20180300	Meat	Meat	O26:H32	ND
2018-SEQ-0375	2018-SEQ-0375	pre-matched	SRR22858707	CFIAFB20180304	Meat	Meat	O157:H7	Stx1a,Stx2c
2018-SEQ-0399	2018-SEQ-0399	pre-matched	SRR22858730	CFIAFB20180305	Meat	Meat	O91:H14	Stx2b,Stx1a
2018-SEQ-0400	2018-SEQ-0400	pre-matched	SRR22858731	CFIAFB20180306	Meat	Meat	O128:H2	Stx2b,Stx1c
2018-SEQ-0589	2018-SEQ-0589	pre-matched	SRR22715081	CFIAFB20180504	Meat	Lamb	O104:H7	Stx1c
2018-SEQ-0617	2018-SEQ-0617	pre-matched	SRR22858739	CFIAFB20180501	Meat	Lamb	O91:H14	Stx2b,Stx1a
2018-SEQ-0618	2018-SEQ-0618	pre-matched	SRR22858740	CFIAFB20180502	Meat	Lamb	O91:H14	Stx2b,Stx1a
2018-SEQ-0619	2018-SEQ-0619	pre-matched	SRR22858741	CFIAFB20180503	Meat	Lamb	O104:H7	Stx1c
2018-SEQ-0642	2018-SEQ-0642	pre-matched	SRR22715126	CFIAFB20180323	Meat	Lamb	O91:H14	Stx2b,Stx1a
2018-SEQ-0643	2018-SEQ-0643	pre-matched	SRR22858733	CFIAFB20180324	Meat	Lamb	O91:H14	Stx2b,Stx1a
2018-SEQ-0644	2018-SEQ-0644	pre-matched	SRR22858734	CFIAFB20180325	Meat	Lamb	O91:H14	Stx2b,Stx1a
2018-SEQ-0771	2018-SEQ-0771	pre-matched	SRR22715049	CFIAFB20180322	Meat	Lamb	O75:H8	Stx2b,Stx1c
2018-SEQ-0777	2018-SEQ-0777	pre-matched	SRR22715122	CFIAFB20180346	Meat	Lamb	O104:H7	Stx1c
2018-SEQ-0778	2018-SEQ-0778	pre-matched	SRR22715095	CFIAFB20180347	Meat	Lamb	O104:H7	Stx1c
2018-SEQ-0897	2018-SEQ-0897	pre-matched	SRR22858742	CFIAFB20180514	Meat	Meat	O174:H21	Stx2c
2018-SEQ-0898	2018-SEQ-0898	pre-matched	SRR22858744	CFIAFB20180515	Meat	Meat	O174:H21	Stx2c
2018-SEQ-1017	2018-SEQ-1017	pre-matched	SRR22858745	CFIAFB20180532	Meat	Lamb	OUT:H16	Stx1c
2018-SEQ-1060	2018-SEQ-1060	pre-matched	SRR22715074	CFIAFB20180513	Meat	Meat	O174:H21	Stx2c
2018-SEQ-1061	2018-SEQ-1061	pre-matched	SRR22858708	CFIAFB20180538	Meat	Lamb	O91:H14	Stx2b,Stx1c
2018-SEQ-1062	2018-SEQ-1062	pre-matched	SRR22858709	CFIAFB20180539	Meat	Lamb	O128:H2	Stx2b,Stx1c
2018-SEQ-1090	2018-SEQ-1090	pre-matched	SRR28490886	CFIAFB20180529	Meat	Meat	O174:H21	Stx2c
2018-SEQ-1270	2018-SEQ-1270	pre-matched	SRR22858710	CFIAFB20180540	Meat	Lamb	O8:H9	Stx2e
2018-SEQ-1323	2018-SEQ-1323	pre-matched	SRR22858714	CFIAFB20180561	Meat	Lamb	O91:H14	Stx2b,Stx1a
2018-SEQ-1324	2018-SEQ-1324	pre-matched	SRR22858715	CFIAFB20180562	Meat	Lamb	O91:H14	Stx2b,Stx1a
2018-SEQ-1328	2018-SEQ-1328	pre-matched	SRR22858737	CFIAFB20180411	Dairy	Dairy	O157:H7	Stx2a
2018-SEQ-1382	2018-SEQ-1382	pre-matched	SRR22858711	CFIAFB20180550	Meat	Lamb	O128:H2	Stx2b,Stx1c
2018-SEQ-1383	2018-SEQ-1383	pre-matched	SRR18215050	CFIAFB20180551	Meat	Lamb	O176:H4	Stx2b,Stx1c
2018-SEQ-1392	2018-SEQ-1392	pre-matched	SRR22858736	CFIAFB20180410	Dairy	Dairy	O157:H7	Stx2a
2018-SEQ-1598	2018-SEQ-1598	pre-matched	SRR28490829	CFIAFB20190167	Meat	Lamb	O128:H2	Stx1c
2018-SEQ-1637	2018-SEQ-1637	pre-matched	SRR28490846	CFIAFB20190171	Meat	Lamb	O3:H21	Stx2b,Stx1c
2018-STH-0001	2018-STH-0001	pre-matched	SRR22858724	CFIAFB20180597	Meat	Meat	O91:H14	Stx2b,Stx1a
2018-STH-0003	2018-STH-0003	pre-matched	SRR22858725	CFIAFB20180598	Meat	Meat	O91:H14	Stx2b,Stx1a
2018-STH-0004	2018-STH-0004	pre-matched	SRR22858726	CFIAFB20180599	Meat	Meat	O91:H14	Stx2b,Stx1a
2018-STH-0049	2018-STH-0049	pre-matched	SRR22715119	CFIAFB20180244	Meat	Meat	O157:H7	Stx1a,Stx2a
2018-STH-0050	2018-STH-0050	pre-matched	SRR22715101	CFIAFB20180246	Meat	Meat	O157:H7	Stx1a,Stx2a
2018-STH-0051	2018-STH-0051	pre-matched	SRR22715102	CFIAFB20180245	Meat	Meat	O157:H7	Stx1a,Stx2a
2018-STH-0052	2018-STH-0052	pre-matched	SRR22715100	CFIAFB20180247	Meat	Meat	O157:H7	Stx1a,Stx2a
2018-STH-0053	2018-STH-0053	pre-matched	SRR22715120	CFIAFB20180248	Meat	Meat	O157:H7	Stx1a,Stx2a
2018-STH-0054	2018-STH-0054	pre-matched	SRR22715056	CFIAFB20180249	Meat	Meat	O157:H7	Stx1a,Stx2a
2018-STH-0056	2018-STH-0056	pre-matched	SRR22715092	CFIAFB20180261	Meat	Meat	O157:H7	Stx1a,Stx2a
2018-STH-0057	2018-STH-0057	pre-matched	SRR22715091	CFIAFB20180262	Meat	Meat	O157:H7	Stx1a,Stx2a
2018-STH-0058	2018-STH-0058	pre-matched	SRR22715090	CFIAFB20180263	Meat	Meat	O157:H7	Stx1a,Stx2a
2018-STH-0060	2018-STH-0060	pre-matched	SRR22715098	CFIAFB20180252	Meat	Meat	O157:H7	Stx1a,Stx2a
2018-STH-0061	2018-STH-0061	pre-matched	SRR22715097	CFIAFB20180253	Meat	Meat	O157:H7	Stx1a,Stx2a
2018-STH-0062	2018-STH-0062	pre-matched	SRR22715096	CFIAFB20180254	Meat	Meat	O157:H7	Stx1a,Stx2a
2018-STH-0063	2018-STH-0063	pre-matched	SRR22715094	CFIAFB20180255	Meat	Meat	O157:H7	Stx1a,Stx2a
2018-STH-0064	2018-STH-0064	pre-matched	SRR22715093	CFIAFB20180257	Meat	Meat	O157:H7	Stx1a,Stx2a
2018-STH-0065	2018-STH-0065	pre-matched	SRR22858699	CFIAFB20180600	Meat	Meat	O128:H2	Stx2b,Stx1c
2018-STH-0066	2018-STH-0066	pre-matched	SRR22858732	CFIAFB20180601	Meat	Meat	O128:H2	Stx2b,Stx1c
2018-STH-0067	2018-STH-0067	pre-matched	SRR22858743	CFIAFB20180602	Meat	Meat	O128:H2	Stx2b,Stx1c
2018-STH-0258	2018-STH-0258	pre-matched	SRR28490897	CFIAFB20190230	Meat	Meat	O91:H14	Stx2b,Stx1a
2018-STH-0259	2018-STH-0259	pre-matched	SRR28490887	CFIAFB20190231	Meat	Meat	O183:H18	Stx2a,Stx1a
2018-STH-0260	2018-STH-0260	pre-matched	SRR28490872	CFIAFB20190232	Meat	Meat	O128:H2	Stx2a,Stx2b,Stx1c
2019-BUR-0117	2019-BUR-0117	pre-matched	SRR28490881	CFIAFB20190265	Meat	Meat	O128:H2	Stx2b,Stx1c
2019-BUR-0118	2019-BUR-0118	pre-matched	SRR28490834	CFIAFB20190266	Meat	Meat	O159:H19	Stx2k,Stx2a
2019-CAL-0097	2019-CAL-0097	pre-matched	SRR22858833	CFIAFB20010012	Meat	Meat	O157:H7	Stx2a,Stx1a
2019-CAL-0098	2019-CAL-0098	pre-matched	SRR22858834	CFIAFB20010013	Meat	Meat	O157:H7	Stx2a,Stx1a
2019-CAL-0099	2019-CAL-0099	pre-matched	SRR22858835	CFIAFB20010014	Meat	Meat	O157:H7	Stx2a
2019-DAR-0015	2019-DAR-0015	pre-matched	SRR22858716	CFIAFB20180603	Meat	Lamb	OUT:H21	Stx2i
2019-DAR-0017	2019-DAR-0017	pre-matched	SRR22858749	CFIAFB20180604	Meat	Lamb	OUT:H21	Stx2i
2019-DAR-0018	2019-DAR-0018	pre-matched	SRR22858760	CFIAFB20180605	Meat	Lamb	OUT:H21	Stx2i
2019-DAR-0020	2019-DAR-0020	pre-matched	SRR28490859	CFIAFB20190223	Meat	Meat	O91:H14	Stx2b,Stx1a
2019-DAR-0250	2019-DAR-0250	pre-matched	SRR28490853	CFIAFB20180611	Meat	Meat	O75:H8	Stx2b,Stx1a
2019-DAR-0251	2019-DAR-0251	pre-matched	SRR28490824	CFIAFB20180612	Meat	Meat	O146:H8	Stx1c
2019-DAR-0257	2019-DAR-0257	pre-matched	SRR28490866	CFIAFB20180618	Meat	Meat	O91:H14	Stx2b,Stx1a
2019-DAR-0258	2019-DAR-0258	pre-matched	SRR28490852	CFIAFB20190302	Meat	Meat	O15:H16	Stx2g
2019-DAR-0260	2019-DAR-0260	pre-matched	SRR28490878	CFIAFB20190304	Meat	Meat	O128:H2	Stx2b,Stx1c
2019-DAR-0262	2019-DAR-0262	pre-matched	SRR28490895	CFIAFB20190306	Meat	Meat	O6:H10	Stx1c
2019-DAR-0263	2019-DAR-0263	pre-matched	SRR28490854	CFIAFB20190307	Meat	Meat	O98:H25	Stx1a
2019-DAR-0290	2019-DAR-0290	pre-matched	SRR28490838	CFIAFB20200103	Meat	Meat	O38:H26	Stx2b,Stx1c
2019-DAR-0291	2019-DAR-0291	pre-matched	SRR28490906	CFIAFB20200104	Meat	Meat	O91:H14	Stx2b
2019-DAR-0295	2019-DAR-0295	pre-matched	SRR28490818	CFIAFB20200108	Meat	Meat	O146:H8	Stx1c
2019-MER-0039	2019-MER-0039	pre-matched	SRR22858763	CFIAFB20130345	Meat	Meat	O157:H7	Stx1a,Stx2c
2019-MER-0040	2019-MER-0040	pre-matched	SRR22858892	CFIAFB20110143	Meat	Meat	O157:H7	Stx2a
2019-MER-0054	2019-MER-0054	pre-matched	SRR18215049	CFIAFB20190157	Meat	Lamb	O5:H19	Stx2b,Stx1c
2019-MER-0057	2019-MER-0057	pre-matched	SRR28490880	CFIAFB20190189	Meat	Lamb	O128:H2	Stx1c,Stx2b
2019-MER-0102	2019-MER-0102	pre-matched	SRR22858706	CFIAFB20180264	Meat	Meat	O157:H7	Stx1a,Stx2a
2019-MER-0123	2019-MER-0123	pre-matched	SRR28490874	CFIAFB20190159	Meat	Lamb	O128:H2	Stx2b,Stx1c
2019-MER-0137	2019-MER-0137	pre-matched	SRR28538989	CFIAFB20190194	Meat	Lamb	OUT:H21	Stx2i
2019-MER-0138	2019-MER-0138	pre-matched	SRR28490848	CFIAFB20190195	Meat	Lamb	OUT:H21	Stx2i
2019-MER-0194	2019-MER-0194	pre-matched	SRR28490822	CFIAFB20190179	Meat	Lamb	O146:H8	Stx1c
2019-MER-0212	2019-MER-0212	pre-matched	SRR22858866	CFIAFB20090264	Meat	Meat	O157:H7	Stx1a,Stx2a
2019-MER-0213	2019-MER-0213	pre-matched	SRR22858895	CFIAFB20120189	Meat	Meat	O157:H7	Stx2a
2019-MER-0216	2019-MER-0216	pre-matched	SRR22858810	CFIAFB20160178	Meat	Meat	O157:H7	Stx1a,Stx2a
2019-MER-0224	2019-MER-0224	pre-matched	SRR12039817	CFIAFB20180383	Flour	Flour	O103:H25	Stx1a
2019-MER-0225	2019-MER-0225	pre-matched	SRR18215051	CFIAFB20180558	Meat	Lamb	O176:H4	Stx2b,Stx1c
2019-MER-0227	2019-MER-0227	pre-matched	SRR22858712	CFIAFB20180559	Meat	Meat	O174:H21	Stx2c
2019-MER-0269	2019-MER-0269	pre-matched	SRR28490903	CFIAFB20200013	Meat	Meat	O91:H14	Stx2b,Stx1a
2019-SEQ-0093	2019-SEQ-0093	pre-matched	SRR28490826	CFIAFB20190183	Meat	Lamb	OUT:H8	Stx1c
2019-SEQ-0137	2019-SEQ-0137	pre-matched	SRR28490820	CFIAFB20190190	Meat	Lamb	O146:H8	Stx1c
2019-SEQ-0145	2019-SEQ-0145	pre-matched	SRR28490870	CFIAFB20190191	Meat	Lamb	OUT:H2	Stx2b,Stx1c
2019-SEQ-0212	2019-SEQ-0212	pre-matched	SRR28490873	CFIAFB20190192	Meat	Lamb	O128:H2	Stx2b,Stx1c
2019-SEQ-0254	2019-SEQ-0254	pre-matched	SRR22715054	CFIAFB20170273	Meat	Meat	O55:H12	Stx1a
2019-SEQ-0300	2019-SEQ-0300	pre-matched	SRR22858798	CFIAFB20150154	Meat	Meat	O157:H7	Stx2a,Stx1a
2019-SEQ-0328	2019-SEQ-0328	pre-matched	SRR28490857	CFIAFB20190226	Meat	Meat	O88:H25	Stx2a,Stx1a
2019-SEQ-0356	2019-SEQ-0356	pre-matched	SRR28490844	CFIAFB20190197	Meat	Lamb	O5:H19	Stx1c
2019-SEQ-0385	2019-SEQ-0385	pre-matched	SRR28490869	CFIAFB20190199	Meat	Lamb	O128:H2	Stx2b,Stx1c
2019-SEQ-0398	2019-SEQ-0398	pre-matched	SRR28490839	CFIAFB20190168	Meat	Lamb	O76:H19	Stx1c
2019-SEQ-0516	2019-SEQ-0516	pre-matched	SRR28490888	CFIAFB20190201	Meat	Meat	O109:H5	Stx1a
2019-SEQ-0782	2019-SEQ-0782	pre-matched	SRR28490827	CFIAFB20190214	Meat	Lamb	OUT:H26	Stx2b,Stx1c
2019-SEQ-1011	2019-SEQ-1011	pre-matched	SRR28490868	CFIAFB20190258	Meat	Meat	OUT:H2	Stx2b,Stx1c
2019-SEQ-1012	2019-SEQ-1012	pre-matched	SRR28490893	CFIAFB20190259	Meat	Meat	O176:H4	Stx1c
2019-SEQ-1083	2019-SEQ-1083	pre-matched	SRR28490843	CFIAFB20190289	Meat	Meat	OUT:H19	Stx2b,Stx1c
2019-SEQ-1198	2019-SEQ-1198	pre-matched	SRR28490864	CFIAFB20190299	Meat	Meat	O38:H26	Stx2b,Stx1c
2019-SEQ-1223	2019-SEQ-1223	pre-matched	SRR28490851	CFIAFB20200006	Meat	Meat	OUT:H2	Stx2c
2019-SEQ-1242	2019-SEQ-1242	pre-matched	SRR28490860	CFIAFB20200007	Meat	Meat	O157:H7	Stx1a,Stx2a
2019-SEQ-1265	2019-SEQ-1265	pre-matched	SRR28490855	CFIAFB20200036	Meat	Meat	O98:H25	Stx1a
2019-SEQ-1266	2019-SEQ-1266	pre-matched	SRR28490856	CFIAFB20200037	Meat	Meat	O8:H23	Stx1a
2019-SEQ-1270	2019-SEQ-1270	pre-matched	SRR28490875	CFIAFB20200041	Meat	Meat	O128:H2	Stx2b,Stx1c
2019-SEQ-1525	2019-SEQ-1525	pre-matched	SRR28490842	CFIAFB20200052	Meat	Meat	O5:H19	Stx1c
2019-STH-0001	2019-STH-0001	pre-matched	SRR28490862	CFIAFB20190215	Meat	Meat	O104:H7	Stx1c
2019-STH-0002	2019-STH-0002	pre-matched	SRR28490884	CFIAFB20190216	Meat	Meat	O132:H18	Stx2a
2020-CAL-0073	2020-CAL-0073	pre-matched	SRR28490879	CFIAFB20210043	Meat	Meat	O128:H2	Stx2b,Stx1c
2020-DAR-0002	2020-DAR-0002	pre-matched	SRR28490828	CFIAFB20200159	Meat	Meat	O181:H16	Stx2b,Stx1c
2020-DAR-0004	2020-DAR-0004	pre-matched	SRR28490904	CFIAFB20200173	Meat	Meat	O91:H14	Stx2b,Stx1a
2020-DAR-0005	2020-DAR-0005	pre-matched	SRR28490905	CFIAFB20200174	Meat	Meat	O91:H14	Stx2b
2020-DAR-0008	2020-DAR-0008	pre-matched	SRR28490894	CFIAFB20200177	Meat	Meat	O176:H4	Stx2b,Stx1c
2020-DAR-0009	2020-DAR-0009	pre-matched	SRR28490863	CFIAFB20200178	Meat	Meat	O5:H19	Stx2b,Stx1c
2020-DAR-0029	2020-DAR-0029	pre-matched	SRR28490832	CFIAFB20210012	Meat	Meat	O87:H16	Stx2b,Stx2b
2020-DAR-0032	2020-DAR-0032	pre-matched	SRR28490840	CFIAFB20210015	Meat	Meat	O76:H19	Stx2b
2020-DAR-0036	2020-DAR-0036	pre-matched	SRR28490877	CFIAFB20210019	Meat	Meat	O128:H2	Stx2b,Stx1c
2020-SEQ-0005	2020-SEQ-0005	pre-matched	SRR28490882	CFIAFB20200082	Meat	Meat	OUT:H29	Stx2b
2020-SEQ-0075	2020-SEQ-0075	pre-matched	SRR28490907	CFIAFB20200113	Meat	Meat	O157:H7	Stx1a,Stx2a
2020-SEQ-0076	2020-SEQ-0076	pre-matched	SRR28490871	CFIAFB20200114	Meat	Meat	O157:H7	Stx2a
2020-SEQ-0219	2020-SEQ-0219	pre-matched	SRR28490902	CFIAFB20200140	Meat	Meat	O91:H14	Stx2b,Stx1a
2020-SEQ-0289	2020-SEQ-0289	pre-matched	SRR28490849	CFIAFB20200033	Meat	Meat	O38:H26	Stx2b,Stx1c
2020-SEQ-0292	2020-SEQ-0292	pre-matched	SRR28490865	CFIAFB20200125	Meat	Meat	OUT:H8	Stx2b,Stx1c
2020-SEQ-0302	2020-SEQ-0302	pre-matched	SRR28490901	CFIAFB20200148	Meat	Meat	O157:H7	Stx2a
2020-SEQ-0314	2020-SEQ-0314	pre-matched	SRR28490836	CFIAFB20200149	Meat	Meat	O128:H2	Stx2b,Stx1c
2020-SEQ-0325	2020-SEQ-0325	pre-matched	SRR28490898	CFIAFB20200162	Meat	Meat	O91:H14	Stx2b,Stx1a
2020-SEQ-0326	2020-SEQ-0326	pre-matched	SRR28490867	CFIAFB20200163	Meat	Meat	O91:H14	Stx2b,Stx1a
2020-SEQ-0387	2020-SEQ-0387	pre-matched	SRR28490830	CFIAFB20200190	Meat	Meat	OUT:H10	Stx2b,Stx1c
2021-BUR-0024	2021-BUR-0024	pre-matched	SRR28490845	CFIAFB20210042	Meat	Meat	O171:H2	Stx2d
2021-DAR-0007	2021-DAR-0007	pre-matched	SRR28490823	CFIAFB20210118	Meat	Lamb	O146:H8	Stx1c
2021-DAR-0014	2021-DAR-0014	pre-matched	SRR28490890	CFIAFB20210070	Meat	Meat	O5:H9	Stx1a
2021-DAR-0015	2021-DAR-0015	pre-matched	SRR28490876	CFIAFB20210071	Meat	Meat	O128:H2	Stx2b,Stx1c
2021-DAR-0023	2021-DAR-0023	pre-matched	SRR28490837	CFIAFB20210077	Meat	Meat	O128:H2	Stx2b,Stx1c
2021-DAR-0024	2021-DAR-0024	pre-matched	SRR28490835	CFIAFB20210078	Meat	Lamb	O9:H30	Stx2i
2021-GTA-0018	2021-GTA-0018	pre-matched	SRR28490885	CFIAFB20210083	Meat	Meat	O174:H21	Stx2c
2021-GTA-0022	2021-GTA-0022	pre-matched	SRR28490899	CFIAFB20210086	Meat	Lamb	O91:H14	Stx2b,Stx1a
2021-GTA-0023	2021-GTA-0023	pre-matched	SRR28490821	CFIAFB20210082	Meat	Lamb	OUT:H8	Stx1c
2021-GTA-0024	2021-GTA-0024	pre-matched	SRR28490850	CFIAFB20210085	Meat	Meat	OUT:H2	Stx2d
2021-MER-0003	2021-MER-0003	pre-matched	SRR28490892	CFIAFB20200188	Meat	Meat	O153:H25	Stx2b
2021-MER-0004	2021-MER-0004	pre-matched	SRR28490825	CFIAFB20200189	Meat	Meat	OUT:H8	Stx1c
2021-MER-0007	2021-MER-0007	pre-matched	SRR28490896	CFIAFB20190260	Meat	Meat	O91:H14	Stx2b,Stx1a
2021-MER-0013	2021-MER-0013	pre-matched	SRR28490908	CFIAFB20170190	Meat	Meat	O157:H7	Stx1a,Stx2a
2021-MIN-0009	2021-MIN-0009	pre-matched	SRR28490847	CFIAFB20190239	Meat	Lamb	O8:H19	Stx2i
2021-MIN-0249	2021-MIN-0249	pre-matched	SRR18215048	CFIAFB20190172	Meat	Lamb	O8:H25	Stx2i
2021-MIN-0250	2021-MIN-0250	pre-matched	SRR18215053	CFIAFB20180511	Meat	Lamb	O9:H30	Stx2i
2021-MIN-0251	2021-MIN-0251	pre-matched	SRR22715050	CFIAFB20180512	Meat	Lamb	OUT:H21	Stx2i
2021-MIN-0252	2021-MIN-0252	pre-matched	SRR28490891	CFIAFB20200034	Meat	Lamb	OUT:H21	Stx2i
2021-SEQ-0001	2021-SEQ-0001	pre-matched	SRR28490831	CFIAFB20200200	Meat	Meat	O123:H10	Stx2b,Stx1c
2021-SEQ-0006	2021-SEQ-0006	pre-matched	SRR28490858	CFIAFB20200208	Meat	Meat	O55:H12	Stx1a
2021-SEQ-0074	2021-SEQ-0074	pre-matched	SRR28490833	CFIAFB20200207	Meat	Meat	O104:H7	Stx1c
2021-SEQ-0097	2021-SEQ-0097	pre-matched	SRR28490900	CFIAFB20200206	Meat	Meat	O91:H14	Stx2b,Stx1a
2021-SEQ-0388	2021-SEQ-0388	pre-matched	SRR28490889	CFIAFB20210105	Meat	Meat	OUT:H29	Stx2c,Stx2b
2021-SEQ-0504	2021-SEQ-0504	pre-matched	SRR28490819	CFIAFB20190305	Meat	Meat	O91:H14	Stx2b,Stx1a
CFIAFB20180581	2019-DAR-0014	pre-matched	SRR22858747	CFIAFB20180581	Meat	Lamb	OUT:H21	Stx2i
GCA_012139605.1	SRR7629331	pre-matched	SRR7629331	CFIAFB20120179	Meat	Meat	O157:H7	Stx2a,Stx1a
GCA_012139625.1	SRR7629332	pre-matched	SRR7629332	CFIAFB20120247	Meat	Meat	O157:H7	Stx1a,Stx2a
GCA_012139645.1	SRR7629329	pre-matched	SRR7629329	CFIAFB20120242	Meat	Meat	O157:H7	Stx1a,Stx2a
GCA_012139665.1	SRR7629330	pre-matched	SRR7629330	CFIAFB20120254	Meat	Meat	O157:H7	Stx2a
GCA_012139705.1	SRR7629324	pre-matched	SRR7629324	CFIAFB20120251	Meat	Meat	O157:H7	Stx2a
GCA_012139725.1	SRR7629320	pre-matched	SRR7629320	CFIAFB20120246	Meat	Meat	O157:H7	Stx1a,Stx2a
GCA_012139885.1	SRR7629326	pre-matched	SRR7629326	CFIAFB20130140	Meat	Meat	O157:H7	Stx2a
GCA_012139945.1	SRR7629322	pre-matched	SRR7629322	CFIAFB20120180	Meat	Meat	O157:H7	Stx2a,Stx1a
GCA_012140065.1	SRR7629284	pre-matched	SRR7629284	CFIAFB20120269	Meat	Meat	O157:H7	Stx1a,Stx2a
GCA_012140085.1	SRR7629325	pre-matched	SRR7629325	CFIAFB20120250	Meat	Meat	O157:H7	Stx2a,Stx1a
GCA_012140205.1	SRR7629314	pre-matched	SRR7629314	CFIAFB20130131	Meat	Meat	O157:H7	Stx1a,Stx2a
GCA_012140245.1	SRR7629308	pre-matched	SRR7629308	CFIAFB20120243	Meat	Meat	O157:H7	Stx1a,Stx2a
GCA_012140285.1	SRR7629304	pre-matched	SRR7629304	CFIAFB20120245	Meat	Meat	O157:H7	Stx1a,Stx2a
GCA_012140305.1	SRR7629307	pre-matched	SRR7629307	CFIAFB20120271	Meat	Meat	O157:H7	Stx2a,Stx1a
GCA_012140325.1	SRR7629313	pre-matched	SRR7629313	CFIAFB20120249	Meat	Meat	O157:H7	Stx2a
GCA_012140365.1	SRR7629306	pre-matched	SRR7629306	CFIAFB20120253	Meat	Meat	O157:H7	Stx1a,Stx2a
GCA_012140385.1	SRR7629303	pre-matched	SRR7629303	CFIAFB20120268	Meat	Meat	O157:H7	Stx1a,Stx2a
GCA_012140405.1	SRR7629305	pre-matched	SRR7629305	CFIAFB20120191	Meat	Meat	O157:H7	Stx2a,Stx1a
GCA_012140425.1	SRR7629300	pre-matched	SRR7629300	CFIAFB20130142	Meat	Meat	O157:H7	Stx2a
GCA_012140445.1	SRR7629302	pre-matched	SRR7629302	CFIAFB20120221	Meat	Meat	O157:H7	Stx1a,Stx2a
GCA_012140465.1	SRR7629298	pre-matched	SRR7629298	CFIAFB20130133	Meat	Meat	O157:H7	Stx1a,Stx2a
GCA_012140485.1	SRR7629301	pre-matched	SRR7629301	CFIAFB20130135	Meat	Meat	O157:H7	Stx1a,Stx2a
GCA_012140505.1	SRR7629299	pre-matched	SRR7629299	CFIAFB20130132	Meat	Meat	O157:H7	Stx1a,Stx2a
GCA_012140605.1	SRR7629294	pre-matched	SRR7629294	CFIAFB20120248	Meat	Meat	O157:H7	Stx2a
GCA_012140625.1	SRR7629297	pre-matched	SRR7629297	CFIAFB20120178	Meat	Meat	O157:H7	Stx2a,Stx1a
GCA_012140665.1	SRR7629291	pre-matched	SRR7629291	CFIAFB20130134	Meat	Meat	O157:H7	Stx2a
GCA_012140725.1	SRR7629289	pre-matched	SRR7629289	CFIAFB20120181	Meat	Meat	O157:H7	Stx2a,Stx1a
GCA_012141085.1	SRR7629311	pre-matched	SRR7629311	CFIAFB20120187	Meat	Meat	O157:H7	Stx1a,Stx2a
GCA_012141125.1	SRR7629312	pre-matched	SRR7629312	CFIAFB20120188	Meat	Meat	O157:H7	Stx1a,Stx2a
GCA_012141225.1	SRR7629309	pre-matched	SRR7629309	CFIAFB20120270	Meat	Meat	O157:H7	Stx1a,Stx2a
GCA_012148805.1	SRR7536942	pre-matched	SRR7536942	CFIAFB20120183	Meat	Meat	O157:H7	Stx1a,Stx2a
GCA_012149105.1	SRR7536941	pre-matched	SRR7536941	CFIAFB20120184	Meat	Meat	O157:H7	Stx1a,Stx2a
GCA_012149165.1	SRR7536940	pre-matched	SRR7536940	CFIAFB20120185	Meat	Meat	O157:H7	Stx2a,Stx1a
GCA_012250705.1	SRR7629293	pre-matched	SRR7629293	CFIAFB20120220	Meat	Meat	O157:H7	Stx1a,Stx2a
GCA_013061965.1	SRR7629296	pre-matched	SRR7629296	CFIAFB20120255	Meat	Meat	O157:H7	ND
